candidate_id,feature_set,representation,method,k,n_features_original,n_components_after_transform,cluster_sizes,min_cluster_size,min_cluster_ratio,smaller_cluster_ratio,silhouette,calinski_harabasz,davies_bouldin,stability_ari_mean,silhouette_norm,calinski_harabasz_norm,davies_bouldin_norm,stability_ari_norm,balance_norm,top1_count,top1_frequency,top3_count,top3_frequency
top20_biomarkers|pca_5|KMeans|k2,top20_biomarkers,pca_5,KMeans,2,20,5,0:62;1:126,62,0.32978723404255317,0.32978723404255317,0.3673910342745844,109.90504105016983,1.0711434682571164,0.9897074165572594,0.7873051050110074,0.9656598310713981,0.9356340294432944,1.0,0.6595744680851063,3731,0.3731,6322,0.6322
top50_biomarkers|pca_5|KMeans|k2,top50_biomarkers,pca_5,KMeans,2,50,5,0:88;1:100,88,0.46808510638297873,0.46808510638297873,0.3073168836780175,88.34387629847956,1.2421997773386175,0.9224208296501516,0.6309732214112731,0.756739645949316,0.8708840547338528,0.9278237085229734,0.9361702127659575,2235,0.2235,3523,0.3523
pd_high_iqr_top50|pca_5|AgglomerativeClustering|k2,pd_high_iqr_top50,pca_5,AgglomerativeClustering,2,50,5,0:157;1:31,31,0.16489361702127658,0.16489361702127658,0.44912397869048243,104.94831863606268,0.9011016203137665,0.8798807760557011,1.0,0.9176309153667,1.0,0.8821922766312028,0.32978723404255317,2099,0.2099,2889,0.2889
pd_high_mad_top50|pca_5|KMeans|k2,pd_high_mad_top50,pca_5,KMeans,2,50,5,0:146;1:42,42,0.22340425531914893,0.22340425531914893,0.4095425956928451,113.44904537621329,0.952340794661385,0.9256829135807659,0.8969967598700137,1.0,0.9806044263379949,0.9313228475255741,0.44680851063829785,1812,0.1812,5972,0.5972
top50_biomarkers|scaled_only|KMeans|k2,top50_biomarkers,scaled_only,KMeans,2,50,50,0:94;1:94,94,0.5,0.5,0.2146954008847787,56.58491985634427,1.6487969669716138,0.9211409843421879,0.3899429159791246,0.4490064072496351,0.7169747491547012,0.9264508570790353,1.0,93,0.0093,892,0.0892
pd_high_iqr_top50|pca_5|KMeans|k2,pd_high_iqr_top50,pca_5,KMeans,2,50,5,0:145;1:43,43,0.22872340425531915,0.22872340425531915,0.413326504825011,110.878330985816,0.962249131799821,0.9182034895380938,0.906843684647599,0.9750906719315477,0.976853821741349,0.9232998950383354,0.4574468085106383,14,0.0014,5215,0.5215
top50_biomarkers|pca_10|KMeans|k2,top50_biomarkers,pca_10,KMeans,2,50,10,0:97;1:91,91,0.48404255319148937,0.48404255319148937,0.25810629935758517,70.08342179144168,1.4359939735138805,0.9250461158517795,0.5029117629726682,0.5798021947513402,0.7975271036306568,0.9306397738163565,0.9680851063829787,8,0.0008,2181,0.2181
all_acoustic|pca_10|KMeans|k2,all_acoustic,pca_10,KMeans,2,752,10,0:96;1:92,92,0.48936170212765956,0.48936170212765956,0.20348290254302717,39.79246560647866,1.8596600027298769,0.9517555068578539,0.36076445955122655,0.2862933678132572,0.6371567272073297,0.9592901316222844,0.9787234042553191,7,0.0007,28,0.0028
all_acoustic|pca_20|KMeans|k2,all_acoustic,pca_20,KMeans,2,752,20,0:95;1:93,93,0.4946808510638298,0.4946808510638298,0.16567022748673324,31.57439769811144,2.118879804615332,0.9502130404032866,0.2623639552279421,0.20666314892040613,0.5390342100877034,0.9576355743986867,0.9893617021276596,1,0.0001,11,0.0011
pd_high_mad_top50|pca_5|AgglomerativeClustering|k2,pd_high_mad_top50,pca_5,AgglomerativeClustering,2,50,5,0:156;1:32,32,0.1702127659574468,0.1702127659574468,0.43733310050037594,106.13725083782975,0.9106699485754679,0.8819048959654991,0.9693164168207197,0.9291512547616907,0.9963780990231608,0.8843634889828669,0.3404255319148936,0,0.0,1887,0.1887
pd_high_mad_top50|pca_10|AgglomerativeClustering|k2,pd_high_mad_top50,pca_10,AgglomerativeClustering,2,50,10,0:157;1:31,31,0.16489361702127658,0.16489361702127658,0.4289022653728996,101.96913213204716,0.9227358000823911,0.8821291176778403,0.9473767252444146,0.8887636346283838,0.9918108101338108,0.8846040048480535,0.32978723404255317,0,0.0,540,0.054
top20_biomarkers|pca_10|KMeans|k2,top20_biomarkers,pca_10,KMeans,2,20,10,0:62;1:126,62,0.32978723404255317,0.32978723404255317,0.3164208647185277,87.12644652990085,1.2437304873382866,0.9880995416312096,0.6546646509227302,0.7449431750464786,0.8703046348089272,0.9982752810826713,0.6595744680851063,0,0.0,297,0.0297
pd_high_mad_top50|scaled_only|AgglomerativeClustering|k2,pd_high_mad_top50,scaled_only,AgglomerativeClustering,2,50,50,0:157;1:31,31,0.16489361702127658,0.16489361702127658,0.42431948806762004,100.38052127439441,0.9330120986835007,0.9091974047414983,0.9354508935657656,0.8733705481096352,0.9879209210200951,0.9136393396256604,0.32978723404255317,0,0.0,107,0.0107
top20_biomarkers|scaled_only|KMeans|k2,top20_biomarkers,scaled_only,KMeans,2,20,20,0:62;1:126,62,0.32978723404255317,0.32978723404255317,0.2950382985411368,78.46931697467944,1.3274179954908145,0.987032778795772,0.5990204709632632,0.6610586015490789,0.8386263876547075,0.9971309967774843,0.6595744680851063,0,0.0,68,0.0068
top20_biomarkers|pca_5|AgglomerativeClustering|k2,top20_biomarkers,pca_5,AgglomerativeClustering,2,20,5,0:135;1:53,53,0.28191489361702127,0.28191489361702127,0.3712710426237738,104.73165632654545,1.034259781871756,0.8676902543384019,0.7974021102551587,0.9155315329662307,0.9495956177265139,0.8691158718205455,0.5638297872340425,0,0.0,27,0.0027
pd_corr_reduced_top50_090|pca_5|KMeans|k2,pd_corr_reduced_top50_090,pca_5,KMeans,2,31,5,0:76;1:112,76,0.40425531914893614,0.40425531914893614,0.2859737468733673,80.25253827681479,1.3316326840054007,0.9575460949219736,0.5754316491133126,0.6783373955681521,0.8370310008712969,0.9655015207140849,0.8085106382978723,0,0.0,24,0.0024
pd_high_iqr_top50|pca_10|AgglomerativeClustering|k2,pd_high_iqr_top50,pca_10,AgglomerativeClustering,2,50,10,0:157;1:31,31,0.16489361702127658,0.16489361702127658,0.4304821898255853,97.32247679100438,0.9426076987322373,0.8360615311069901,0.9514881868827544,0.8437391609865753,0.9842886968489213,0.835188694771899,0.32978723404255317,0,0.0,17,0.0017
pd_corr_reduced_top50_090|pca_10|KMeans|k2,pd_corr_reduced_top50_090,pca_10,KMeans,2,31,10,0:76;1:112,76,0.40425531914893614,0.40425531914893614,0.2346505851890269,60.02555304441771,1.5690037823402947,0.9551177126231388,0.44187259819491037,0.4823449458150496,0.7471788773427006,0.9628966682958707,0.8085106382978723,0,0.0,0,0.0
pd_corr_reduced_top50_090|scaled_only|KMeans|k2,pd_corr_reduced_top50_090,scaled_only,KMeans,2,31,31,0:76;1:112,76,0.40425531914893614,0.40425531914893614,0.19298697643431773,47.441681712418315,1.8022893037067997,0.9541221934741781,0.3334507500371722,0.3604116106492082,0.6588732679812646,0.9618288049434682,0.8085106382978723,0,0.0,0,0.0
all_acoustic|pca_90|KMeans|k2,all_acoustic,pca_90,KMeans,2,752,63,0:95;1:93,93,0.4946808510638298,0.4946808510638298,0.123858783659135,24.17126725834889,2.509257322063933,0.9497584926392737,0.15355739359232135,0.1349293905743101,0.3912645398682427,0.9571479947277054,0.9893617021276596,0,0.0,0,0.0
pd_high_mad_top50|pca_10|KMeans|k2,pd_high_mad_top50,pca_10,KMeans,2,50,10,0:146;1:42,42,0.22340425531914893,0.22340425531914893,0.3953614130117447,107.81282342010729,0.9843847204777606,0.9254396785376522,0.8600928506479488,0.9453869701372929,0.9684748334726831,0.931061936634174,0.44680851063829785,0,0.0,0,0.0
pd_high_mad_top50|scaled_only|KMeans|k2,pd_high_mad_top50,scaled_only,KMeans,2,50,50,0:146;1:42,42,0.22340425531914893,0.22340425531914893,0.3905370494614422,106.08773842741782,0.9962169621770818,0.9240888220813522,0.8475383353780851,0.9286714967306089,0.9639959729448202,0.9296129136740983,0.44680851063829785,0,0.0,0,0.0
pd_high_iqr_top50|scaled_only|KMeans|k2,pd_high_iqr_top50,scaled_only,KMeans,2,50,50,0:42;1:146,42,0.22340425531914893,0.22340425531914893,0.38943771882869793,100.61598702790941,1.014660314758697,0.9236205446633486,0.8446775304094066,0.8756521293405568,0.9570146074539518,0.9291106066175582,0.44680851063829785,0,0.0,0,0.0
pd_high_iqr_top50|pca_10|KMeans|k2,pd_high_iqr_top50,pca_10,KMeans,2,50,10,0:42;1:146,42,0.22340425531914893,0.22340425531914893,0.39532828426854666,102.58965528752289,1.0000417235074213,0.9236205446633486,0.860006639211349,0.8947762881193955,0.9625481853669231,0.9291106066175582,0.44680851063829785,0,0.0,0,0.0
pd_corr_reduced_all_095|pca_10|KMeans|k2,pd_corr_reduced_all_095,pca_10,KMeans,2,425,10,0:97;1:91,91,0.48404255319148937,0.48404255319148937,0.20038966525243174,42.39504692038605,1.8208061201122159,0.8967855933937595,0.35271488070146145,0.3115114752837351,0.6518640942162747,0.9003255641055999,0.9680851063829787,0,0.0,0,0.0
top20_biomarkers|scaled_only|AgglomerativeClustering|k2,top20_biomarkers,scaled_only,AgglomerativeClustering,2,20,20,0:133;1:55,55,0.2925531914893617,0.2925531914893617,0.29720611869898494,74.9373970652086,1.3022958137887433,0.8955559394711156,0.6046618226131231,0.6268355264127893,0.8481358915051622,0.8990065514462249,0.5851063829787234,0,0.0,0,0.0
pd_high_mad_top100|pca_10|KMeans|k2,pd_high_mad_top100,pca_10,KMeans,2,100,10,0:49;1:139,49,0.26063829787234044,0.26063829787234044,0.3190674149165407,72.66214962191984,1.296497583239097,0.8951540151528414,0.6615518090995496,0.6047891702662287,0.850330696733131,0.8985754193576333,0.5212765957446809,0,0.0,0,0.0
pd_high_mad_top100|pca_90|KMeans|k2,pd_high_mad_top100,pca_90,KMeans,2,100,9,0:49;1:139,49,0.26063829787234044,0.26063829787234044,0.32293781411881994,73.83684594126345,1.2844947701913374,0.8921590610694673,0.6716238083132979,0.6161715689133267,0.8548741236634659,0.8953628224818199,0.5212765957446809,0,0.0,0,0.0
pd_high_iqr_top100|pca_10|KMeans|k2,pd_high_iqr_top100,pca_10,KMeans,2,100,10,0:139;1:49,49,0.26063829787234044,0.26063829787234044,0.3226574635254374,70.90001240208233,1.278248988541584,0.8917835960553677,0.6708942476637246,0.587714673669281,0.8572383404879359,0.8949600724904362,0.5212765957446809,0,0.0,0,0.0
pd_high_iqr_top100|pca_90|KMeans|k2,pd_high_iqr_top100,pca_90,KMeans,2,100,8,0:139;1:49,49,0.26063829787234044,0.26063829787234044,0.33092668763418126,73.4568093701706,1.248526759582609,0.8915981266613215,0.6924133764069638,0.6124891467575545,0.8684891010341892,0.8947611250677764,0.5212765957446809,0,0.0,0,0.0
pd_corr_reduced_all_095|pca_90|KMeans|k2,pd_corr_reduced_all_095,pca_90,KMeans,2,425,78,0:96;1:92,92,0.48936170212765956,0.48936170212765956,0.09499514857996788,19.41575613809741,2.8699957723313907,0.8905300198344783,0.07844511327454635,0.08885014230386716,0.254714150952672,0.893615399103562,0.9787234042553191,0,0.0,0,0.0
pd_high_mad_top100|pca_20|KMeans|k2,pd_high_mad_top100,pca_20,KMeans,2,100,20,0:49;1:139,49,0.26063829787234044,0.26063829787234044,0.29918677243571173,66.84016727378611,1.3650820679449662,0.8884703683672209,0.6098161082142756,0.5483761868324724,0.8243693996958539,0.8914060731223366,0.5212765957446809,0,0.0,0,0.0
pd_corr_reduced_all_095|pca_20|KMeans|k2,pd_corr_reduced_all_095,pca_20,KMeans,2,425,20,0:98;1:90,90,0.4787234042553192,0.4787234042553192,0.1555044916994981,31.08753072020031,2.1493575730494308,0.8865146470651076,0.23590950505238656,0.2019455772898175,0.5274974550512792,0.8893082298932836,0.9574468085106383,0,0.0,0,0.0
top50_biomarkers|scaled_only|AgglomerativeClustering|k2,top50_biomarkers,scaled_only,AgglomerativeClustering,2,50,50,0:139;1:49,49,0.26063829787234044,0.26063829787234044,0.22803737973239657,49.091597870664806,1.4838663941425971,0.8858278688763999,0.42466295219242245,0.37639872420204856,0.7794059478449777,0.8885715436530279,0.5212765957446809,0,0.0,0,0.0
pd_high_iqr_top50|scaled_only|AgglomerativeClustering|k2,pd_high_iqr_top50,scaled_only,AgglomerativeClustering,2,50,50,0:157;1:31,31,0.16489361702127658,0.16489361702127658,0.4249079804369024,95.50106625607616,0.9556882655370039,0.882331606992957,0.9369823362854774,0.8260903265881143,0.9793373075997223,0.8848212090264883,0.32978723404255317,0,0.0,0,0.0
pd_corr_reduced_all_090|pca_20|KMeans|k2,pd_corr_reduced_all_090,pca_20,KMeans,2,310,20,0:72;1:116,72,0.3829787234042553,0.3829787234042553,0.1377773368411397,24.13796876470717,2.440151952818468,0.880214069188161,0.18977785804030675,0.1346067397557652,0.4174230074217462,0.8825497901176415,0.7659574468085106,0,0.0,0,0.0
pd_high_iqr_top100|pca_20|KMeans|k2,pd_high_iqr_top100,pca_20,KMeans,2,100,20,0:139;1:49,49,0.26063829787234044,0.26063829787234044,0.30471753949961117,66.0152574703183,1.3344905635349449,0.8798549521739608,0.6242089081833888,0.5403830978303579,0.8359492072312129,0.882164576132467,0.5212765957446809,0,0.0,0,0.0
top20_biomarkers|pca_10|AgglomerativeClustering|k2,top20_biomarkers,pca_10,AgglomerativeClustering,2,20,10,0:134;1:54,54,0.2872340425531915,0.2872340425531915,0.3186844381277039,82.54033119190674,1.2164596552404388,0.8777962062042596,0.66055518272732,0.700505312971804,0.8806274676709396,0.8799562214511477,0.574468085106383,0,0.0,0,0.0
pd_corr_reduced_all_090|pca_10|KMeans|k2,pd_corr_reduced_all_090,pca_10,KMeans,2,310,10,0:119;1:69,69,0.3670212765957447,0.3670212765957447,0.1913802003890687,34.89559044341045,2.0006537477772817,0.8762186352323036,0.3292694120876172,0.2388443511497333,0.5837863401398806,0.8782640086709871,0.7340425531914894,0,0.0,0,0.0
pd_corr_reduced_all_090|pca_90|KMeans|k2,pd_corr_reduced_all_090,pca_90,KMeans,2,310,83,0:119;1:69,69,0.3670212765957447,0.3670212765957447,0.07048139841521324,13.472631656428804,3.3785959019702045,0.8360901126777505,0.014652605194234078,0.03126333374258818,0.06219365458418502,0.8352193533604365,0.7340425531914894,0,0.0,0,0.0
pd_high_iqr_top50|scaled_only|GaussianMixture|k2,pd_high_iqr_top50,scaled_only,GaussianMixture,2,50,50,0:145;1:43,43,0.22872340425531915,0.22872340425531915,0.38729122763626544,100.59139616714357,1.0238008824621332,0.834105356619538,0.8390916834534218,0.8754138524551158,0.9535546267563358,0.8330903654246076,0.4574468085106383,0,0.0,0,0.0
top20_biomarkers|scaled_only|GaussianMixture|k2,top20_biomarkers,scaled_only,GaussianMixture,2,20,20,0:106;1:82,82,0.43617021276595747,0.43617021276595747,0.19083954639399167,50.360350855722395,1.7520878658332342,0.8032184121480185,0.32786245990291263,0.38869249921676086,0.6778760270735482,0.7999588720693451,0.8723404255319149,0,0.0,0,0.0
pd_high_mad_top50|scaled_only|GaussianMixture|k2,pd_high_mad_top50,scaled_only,GaussianMixture,2,50,50,0:146;1:42,42,0.22340425531914893,0.22340425531914893,0.3905370494614422,106.08773842741782,0.9962169621770818,0.79827956925781,0.8475383353780851,0.9286714967306089,0.9639959729448202,0.794661124325132,0.44680851063829785,0,0.0,0,0.0
top50_biomarkers|scaled_only|GaussianMixture|k2,top50_biomarkers,scaled_only,GaussianMixture,2,50,50,0:97;1:91,91,0.48404255319148937,0.48404255319148937,0.21037858544922258,55.09109417446801,1.6732180475574947,0.7791643107208909,0.37870920095375626,0.43453175610755135,0.7077306332328522,0.7741567632743316,0.9680851063829787,0,0.0,0,0.0
all_acoustic|pca_10|AgglomerativeClustering|k2,all_acoustic,pca_10,AgglomerativeClustering,2,752,10,0:106;1:82,82,0.43617021276595747,0.43617021276595747,0.1795549243721745,33.67698731906923,1.996756908536945,0.7563317620126595,0.2984963149160446,0.2270365108377781,0.5852614113817038,0.749664977221878,0.8723404255319149,0,0.0,0,0.0
top50_biomarkers|pca_10|GaussianMixture|k2,top50_biomarkers,pca_10,GaussianMixture,2,50,10,0:100;1:88,88,0.46808510638297873,0.46808510638297873,0.22584876337448104,58.20639546870237,1.5884119662724747,0.7503142831013444,0.4189674822721257,0.46471794180753684,0.7398322940713049,0.7432102091644709,0.9361702127659575,0,0.0,0,0.0
pd_corr_reduced_all_095|pca_10|AgglomerativeClustering|k2,pd_corr_reduced_all_095,pca_10,AgglomerativeClustering,2,425,10,0:106;1:82,82,0.43617021276595747,0.43617021276595747,0.18323108296728435,35.67313150664851,1.9720560395056979,0.7250967531183169,0.308062838818219,0.24637845353902937,0.5946114356729005,0.7161601256627116,0.8723404255319149,0,0.0,0,0.0
pd_high_iqr_top50|pca_10|GaussianMixture|k2,pd_high_iqr_top50,pca_10,GaussianMixture,2,50,10,0:146;1:42,42,0.22340425531914893,0.22340425531914893,0.3956956949535914,102.19259680547448,1.0055800155240346,0.7248770810627309,0.8609627576729058,0.8909289295685388,0.9604517747175014,0.7159244900770454,0.44680851063829785,0,0.0,0,0.0
pd_high_iqr_top100|pca_90|AgglomerativeClustering|k2,pd_high_iqr_top100,pca_90,AgglomerativeClustering,2,100,8,0:158;1:30,30,0.1595744680851064,0.1595744680851064,0.355704383036157,64.27186789515801,1.090634673716063,0.7152081838194134,0.7568927532268619,0.5234902593878594,0.9282560200187955,0.7055529557524031,0.3191489361702128,0,0.0,0,0.0
pd_high_mad_top100|pca_10|AgglomerativeClustering|k2,pd_high_mad_top100,pca_10,AgglomerativeClustering,2,100,10,0:154;1:34,34,0.18085106382978725,0.18085106382978725,0.3251991260995963,63.65408690924657,1.1847983643750453,0.7056063911162895,0.6775084551680737,0.5175041765659004,0.8926122216610759,0.6952534024432212,0.3617021276595745,0,0.0,0,0.0
top50_biomarkers|pca_5|AgglomerativeClustering|k2,top50_biomarkers,pca_5,AgglomerativeClustering,2,50,5,0:134;1:54,54,0.2872340425531915,0.2872340425531915,0.29431155338758586,71.79715097013515,1.1733600963243724,0.6993699029999019,0.5971292509023326,0.596407634271192,0.8969419512745449,0.688563709819893,0.574468085106383,0,0.0,0,0.0
all_acoustic|pca_20|AgglomerativeClustering|k2,all_acoustic,pca_20,AgglomerativeClustering,2,752,20,0:105;1:83,83,0.44148936170212766,0.44148936170212766,0.15047845444891195,27.184804698644058,2.270123723014436,0.6977623831552806,0.22283017121871826,0.16412951993417857,0.4817838231017846,0.6868393717876985,0.8829787234042553,0,0.0,0,0.0
pd_high_iqr_top100|pca_20|AgglomerativeClustering|k2,pd_high_iqr_top100,pca_20,AgglomerativeClustering,2,100,20,0:162;1:26,26,0.13829787234042554,0.13829787234042554,0.33752328297278156,53.866140246597936,1.1461575362964922,0.6915373252386671,0.7095797976445126,0.42266237871890283,0.9072389410979258,0.6801619399947744,0.2765957446808511,0,0.0,0,0.0
top50_biomarkers|pca_10|AgglomerativeClustering|k2,top50_biomarkers,pca_10,AgglomerativeClustering,2,50,10,0:138;1:50,50,0.26595744680851063,0.26595744680851063,0.2611547587424284,57.87190151251811,1.3176953913973946,0.6893184507628399,0.5108448155914274,0.46147681174554633,0.8423066866892138,0.6777818202966341,0.5319148936170213,0,0.0,0,0.0
pd_high_mad_top100|pca_20|GaussianMixture|k2,pd_high_mad_top100,pca_20,GaussianMixture,2,100,20,0:132;1:56,56,0.2978723404255319,0.2978723404255319,0.2687628040515746,65.23841903567559,1.4105680452024612,0.6885602615254048,0.530643348602378,0.5328558036677,0.8071515847384777,0.6769685335791579,0.5957446808510638,0,0.0,0,0.0
pd_high_iqr_top100|pca_10|AgglomerativeClustering|k2,pd_high_iqr_top100,pca_10,AgglomerativeClustering,2,100,10,0:162;1:26,26,0.13829787234042554,0.13829787234042554,0.3548060409075315,57.68562281910104,1.0980933879560018,0.6820567436813508,0.7545549837254976,0.4596718360143562,0.9254326716080047,0.6699924062242882,0.2765957446808511,0,0.0,0,0.0
pd_sparse_pca_10|sparse_pca_10|KMeans|k2,pd_sparse_pca_10,sparse_pca_10,KMeans,2,752,10,0:95;1:93,93,0.4946808510638298,0.4946808510638298,0.1846184913792846,34.10318006302716,1.9917561205814438,0.6745561655305446,0.3116733130107997,0.23116617025046818,0.5871543605245017,0.661946762363556,0.9893617021276596,0,0.0,0,0.0
pd_corr_reduced_top50_090|scaled_only|GaussianMixture|k2,pd_corr_reduced_top50_090,scaled_only,GaussianMixture,2,31,31,0:99;1:89,89,0.4734042553191489,0.4734042553191489,0.1749395333275838,42.939350573537425,1.9352841921213955,0.6744270686566484,0.28648561200331063,0.31678558831466935,0.6085306895194137,0.6618082840422825,0.9468085106382979,0,0.0,0,0.0
pd_sparse_pca_20|sparse_pca_20|KMeans|k2,pd_sparse_pca_20,sparse_pca_20,KMeans,2,752,20,0:87;1:101,87,0.4627659574468085,0.4627659574468085,0.13843282139519983,26.311162080060694,2.3391062478755917,0.6678070677740747,0.19148363555008657,0.15566422690817597,0.4556718558546421,0.6547072088467396,0.925531914893617,0,0.0,0,0.0
pd_high_mad_top50|pca_10|GaussianMixture|k2,pd_high_mad_top50,pca_10,GaussianMixture,2,50,10,0:149;1:39,39,0.2074468085106383,0.2074468085106383,0.4006523733260673,105.90084720721997,0.9733645550025987,0.6673503190527272,0.8738615978341432,0.9268605858280164,0.9726462986448365,0.6542172682752369,0.4148936170212766,0,0.0,0,0.0
all_acoustic|pca_90|AgglomerativeClustering|k2,all_acoustic,pca_90,AgglomerativeClustering,2,752,63,0:98;1:90,90,0.4787234042553192,0.4787234042553192,0.10640889538973558,19.27444662527525,2.7808791114233373,0.6565566667985788,0.10814728167779655,0.08748090228746208,0.28844749625265176,0.6426392431887128,0.9574468085106383,0,0.0,0,0.0
pd_corr_reduced_all_095|pca_90|AgglomerativeClustering|k2,pd_corr_reduced_all_095,pca_90,AgglomerativeClustering,2,425,78,0:88;1:100,88,0.46808510638297873,0.46808510638297873,0.07847018310474282,15.630672276673048,3.1723533219526923,0.645258991810813,0.035441942135075497,0.05217399655114799,0.14026269460878404,0.6305205681241649,0.9361702127659575,0,0.0,0,0.0
pd_corr_reduced_top50_090|pca_5|GaussianMixture|k2,pd_corr_reduced_top50_090,pca_5,GaussianMixture,2,31,5,0:106;1:82,82,0.43617021276595747,0.43617021276595747,0.265247194912631,64.13768572144672,1.5108661748182413,0.6131903017434961,0.5214946250127198,0.5221900808077737,0.7691857161254013,0.596121451926155,0.8723404255319149,0,0.0,0,0.0
pd_high_iqr_top50|pca_5|GaussianMixture|k2,pd_high_iqr_top50,pca_5,GaussianMixture,2,50,5,0:151;1:37,37,0.19680851063829788,0.19680851063829788,0.20066976584717713,10.883986008265532,3.1554423900680657,0.6115797335291586,0.35344379077574656,0.006180258024828273,0.14666399262416996,0.594393843999747,0.39361702127659576,0,0.0,0,0.0
pd_corr_reduced_all_095|pca_20|AgglomerativeClustering|k2,pd_corr_reduced_all_095,pca_20,AgglomerativeClustering,2,425,20,0:92;1:96,92,0.48936170212765956,0.48936170212765956,0.13977655735132513,25.30735327355239,2.377419768240561,0.6092321378061194,0.19498046024083407,0.14593766880716008,0.44116903226408133,0.5918756489037434,0.9787234042553191,0,0.0,0,0.0
pd_high_mad_top100|pca_90|AgglomerativeClustering|k2,pd_high_mad_top100,pca_90,AgglomerativeClustering,2,100,9,0:154;1:34,34,0.18085106382978725,0.18085106382978725,0.329110750212439,64.69489742624347,1.1735316733058514,0.6001629272588322,0.6876877345989474,0.5275892683683253,0.8968770042096214,0.5821473804030509,0.3617021276595745,0,0.0,0,0.0
all_acoustic|pca_90|GaussianMixture|k2,all_acoustic,pca_90,GaussianMixture,2,752,63,0:93;1:95,93,0.4946808510638298,0.4946808510638298,0.12341590661644465,24.080125230528697,2.513741882533418,0.5850996362287331,0.1524048878706538,0.13404625603385797,0.3895669984063622,0.5659894426331851,0.9893617021276596,0,0.0,0,0.0
pd_corr_reduced_all_095|pca_20|GaussianMixture|k2,pd_corr_reduced_all_095,pca_20,GaussianMixture,2,425,20,0:83;1:105,83,0.44148936170212766,0.44148936170212766,0.14160047811085183,28.701022065589278,2.229019706900991,0.5615328207346533,0.1997268772112267,0.17882113871431327,0.4973429335379508,0.5407100307552387,0.8829787234042553,0,0.0,0,0.0
pd_corr_reduced_top50_090|scaled_only|AgglomerativeClustering|k2,pd_corr_reduced_top50_090,scaled_only,AgglomerativeClustering,2,31,31,0:135;1:53,53,0.28191489361702127,0.28191489361702127,0.2042241248612209,39.74513488678292,1.824062274495509,0.5470080117671112,0.3626933537597784,0.28583474960618566,0.6506315415258748,0.5251297064457782,0.5638297872340425,0,0.0,0,0.0
pd_corr_reduced_top50_090|pca_10|AgglomerativeClustering|k2,pd_corr_reduced_top50_090,pca_10,AgglomerativeClustering,2,31,10,0:132;1:56,56,0.2978723404255319,0.2978723404255319,0.20454378041920135,44.981840849513254,1.6312996525605077,0.541832768642431,0.3635251983216399,0.3365766084882651,0.7235980106507882,0.5195783793031624,0.5957446808510638,0,0.0,0,0.0
pd_corr_reduced_all_095|pca_90|GaussianMixture|k2,pd_corr_reduced_all_095,pca_90,GaussianMixture,2,425,78,0:98;1:90,90,0.4787234042553192,0.4787234042553192,0.10026965081682454,19.3554594874782,2.886240655260711,0.5408243324500781,0.0921710313532938,0.08826588873711032,0.2485649725652782,0.5184966602280705,0.9574468085106383,0,0.0,0,0.0
pd_high_mad_top50|pca_5|GaussianMixture|k2,pd_high_mad_top50,pca_5,GaussianMixture,2,50,5,0:40;1:148,40,0.2127659574468085,0.2127659574468085,0.27027528492870856,12.678875032967962,3.3041728760382827,0.5314307833022744,0.5345793007895147,0.023572108216271582,0.09036501565684829,0.5084204834971621,0.425531914893617,0,0.0,0,0.0
pd_corr_reduced_top50_090|pca_10|GaussianMixture|k2,pd_corr_reduced_top50_090,pca_10,GaussianMixture,2,31,10,0:83;1:105,83,0.44148936170212766,0.44148936170212766,0.19823090098492668,48.04545206759442,1.7840647637907872,0.5162497441674996,0.34709709533395344,0.3662619353337653,0.6657718062754048,0.4921362408883292,0.8829787234042553,0,0.0,0,0.0
top20_biomarkers|pca_10|GaussianMixture|k2,top20_biomarkers,pca_10,GaussianMixture,2,20,10,0:136;1:52,52,0.2765957446808511,0.2765957446808511,0.17916542296758617,38.45211363921455,1.8397895030125135,0.5144029004694832,0.297482709436161,0.2733058235708892,0.6446783109540608,0.4901551873799299,0.5531914893617021,0,0.0,0,0.0
pd_corr_reduced_all_090|pca_20|AgglomerativeClustering|k2,pd_corr_reduced_all_090,pca_20,AgglomerativeClustering,2,310,20,0:87;1:101,87,0.4627659574468085,0.4627659574468085,0.10717775446775467,20.064926883252312,2.7160536505858293,0.5141870759606529,0.11014809545037361,0.09514038097211767,0.312985889325056,0.4899236789415732,0.925531914893617,0,0.0,0,0.0
pd_corr_reduced_all_095|pca_10|GaussianMixture|k2,pd_corr_reduced_all_095,pca_10,GaussianMixture,2,425,10,0:19;1:169,19,0.10106382978723404,0.10106382978723404,0.34793086436969844,22.357651353485714,1.9345057881040366,0.5014574302389808,0.7366636063599129,0.11735608342935805,0.608825338928771,0.47626897207889474,0.20212765957446807,0,0.0,0,0.0
pd_sparse_pca_20|sparse_pca_20|AgglomerativeClustering|k2,pd_sparse_pca_20,sparse_pca_20,AgglomerativeClustering,2,752,20,0:99;1:89,89,0.4734042553191489,0.4734042553191489,0.1320528477403289,22.697020368600953,2.4924408008938643,0.48809657687128044,0.1748809322429565,0.12064445111631318,0.3976301005792712,0.46193718782031334,0.9468085106382979,0,0.0,0,0.0
pd_corr_reduced_top50_090|pca_5|AgglomerativeClustering|k2,pd_corr_reduced_top50_090,pca_5,AgglomerativeClustering,2,31,5,0:114;1:74,74,0.39361702127659576,0.39361702127659576,0.27149632422896947,74.79457396921461,1.3688925424470175,0.47201046216736614,0.5377568300906114,0.6254516203020383,0.8229270201135771,0.4446820979581174,0.7872340425531915,0,0.0,0,0.0
all_acoustic|pca_20|GaussianMixture|k2,all_acoustic,pca_20,GaussianMixture,2,752,20,0:90;1:98,90,0.4787234042553192,0.4787234042553192,0.1551444581314282,29.712292508741015,2.179705394173032,0.46511157689619237,0.23497258417549416,0.188619997478434,0.516009888993113,0.4372818718939506,0.9574468085106383,0,0.0,0,0.0
pd_corr_reduced_all_090|pca_10|AgglomerativeClustering|k2,pd_corr_reduced_all_090,pca_10,AgglomerativeClustering,2,310,10,0:90;1:98,90,0.4787234042553192,0.4787234042553192,0.14792843806280134,29.53516170842158,2.2113696530668814,0.4587620938805056,0.21619422446138467,0.1869036616487262,0.5040240115146443,0.4304709730516402,0.9574468085106383,0,0.0,0,0.0
top20_biomarkers|pca_5|GaussianMixture|k2,top20_biomarkers,pca_5,GaussianMixture,2,20,5,0:143;1:45,45,0.2393617021276596,0.2393617021276596,0.23238448383169463,30.058392469095935,2.1575786039840352,0.44252758082616006,0.4359754878720568,0.19197358568300568,0.5243855467682147,0.4130567007566925,0.4787234042553192,0,0.0,0,0.0
pd_sparse_pca_10|sparse_pca_10|AgglomerativeClustering|k2,pd_sparse_pca_10,sparse_pca_10,AgglomerativeClustering,2,752,10,0:87;1:101,87,0.4627659574468085,0.4627659574468085,0.1611414003961278,28.37091905755356,2.1881045279337514,0.4406447162704657,0.2505785190205042,0.1756225554122321,0.5128305634160092,0.4110370087611515,0.925531914893617,0,0.0,0,0.0
top50_biomarkers|pca_5|GaussianMixture|k2,top50_biomarkers,pca_5,GaussianMixture,2,50,5,0:155;1:33,33,0.17553191489361702,0.17553191489361702,0.3418345583917747,47.33568825573565,1.594969343246953,0.4328014687334161,0.7207990957997985,0.3593845709300234,0.7373501290138593,0.402623793789465,0.35106382978723405,0,0.0,0,0.0
pd_sparse_pca_20|sparse_pca_20|GaussianMixture|k2,pd_sparse_pca_20,sparse_pca_20,GaussianMixture,2,752,20,0:44;1:144,44,0.23404255319148937,0.23404255319148937,0.1657245701608486,10.58888775028482,3.531347428256317,0.4299220059848643,0.2625053720023773,0.0033208585723148785,0.0043725925201021365,0.39953508098369245,0.46808510638297873,0,0.0,0,0.0
pd_sparse_pca_10|sparse_pca_10|GaussianMixture|k2,pd_sparse_pca_10,sparse_pca_10,GaussianMixture,2,752,10,0:37;1:151,37,0.19680851063829788,0.19680851063829788,0.20585562936445312,14.325033887162707,2.8310396509929814,0.4254353060204484,0.36693904295486307,0.03952281480005017,0.2694602184025322,0.39472233331306505,0.39361702127659576,0,0.0,0,0.0
pd_corr_reduced_all_090|pca_90|AgglomerativeClustering|k2,pd_corr_reduced_all_090,pca_90,AgglomerativeClustering,2,310,83,0:55;1:133,55,0.2925531914893617,0.2925531914893617,0.0686722155442623,11.400853515024568,3.4793323969374232,0.3968055168329863,0.00994454085735273,0.011188524342501187,0.024061851457663486,0.3640120223238506,0.5851063829787234,0,0.0,0,0.0
pd_corr_reduced_all_090|pca_20|GaussianMixture|k2,pd_corr_reduced_all_090,pca_20,GaussianMixture,2,310,20,0:23;1:165,23,0.12234042553191489,0.12234042553191489,0.29120322889271405,12.615281810880807,2.8305484799059895,0.39022875263319234,0.5890404103894502,0.022955912018897014,0.2696461414803275,0.35695732581330636,0.24468085106382978,0,0.0,0,0.0
pd_corr_reduced_all_090|pca_90|GaussianMixture|k2,pd_corr_reduced_all_090,pca_90,GaussianMixture,2,310,83,0:85;1:103,85,0.4521276595744681,0.4521276595744681,0.06485079517036145,13.056555949261261,3.5428989314184793,0.3556522302467169,0.0,0.027231704896589506,0.0,0.3198681335575974,0.9042553191489362,0,0.0,0,0.0
pd_high_mad_top100|pca_10|GaussianMixture|k2,pd_high_mad_top100,pca_10,GaussianMixture,2,100,10,0:165;1:23,23,0.12234042553191489,0.12234042553191489,0.33597694716325816,42.78497829522652,1.3835371614354623,0.3475508584178879,0.7055557442475041,0.31528977464533114,0.8173835899166855,0.31117803644673375,0.24468085106382978,0,0.0,0,0.0
all_acoustic|pca_10|GaussianMixture|k2,all_acoustic,pca_10,GaussianMixture,2,752,10,0:19;1:169,19,0.10106382978723404,0.10106382978723404,0.364950986102423,19.056523741229487,2.1651974568072774,0.3303903626521909,0.7809553302236818,0.08536930535837643,0.5215015810713701,0.292770490437822,0.20212765957446807,0,0.0,0,0.0
pd_high_iqr_top100|pca_90|GaussianMixture|k2,pd_high_iqr_top100,pca_90,GaussianMixture,2,100,8,0:162;1:26,26,0.13829787234042554,0.13829787234042554,0.33595313128491855,44.06823604817189,1.3777694276250014,0.2722259822391217,0.7054937678219794,0.32772409581453776,0.8195668512086159,0.23037931461447408,0.2765957446808511,0,0.0,0,0.0
pd_high_iqr_top100|pca_10|GaussianMixture|k2,pd_high_iqr_top100,pca_10,GaussianMixture,2,100,10,0:134;1:54,54,0.2872340425531915,0.2872340425531915,0.27892522187651264,65.57409748562453,1.3427303487613482,0.24439371033675414,0.5570891643937522,0.5361084110621743,0.832830199882781,0.20052447635277978,0.574468085106383,0,0.0,0,0.0
pd_high_mad_top100|pca_20|AgglomerativeClustering|k2,pd_high_mad_top100,pca_20,AgglomerativeClustering,2,100,20,0:83;1:105,83,0.44148936170212766,0.44148936170212766,0.20200876170899956,48.393955202906064,1.7286361391789125,0.12781426595952816,0.35692828024637935,0.3696388094675816,0.686753213281492,0.07547322402493077,0.8829787234042553,0,0.0,0,0.0
pd_high_iqr_top100|pca_20|GaussianMixture|k2,pd_high_iqr_top100,pca_20,GaussianMixture,2,100,20,0:38;1:150,38,0.20212765957446807,0.20212765957446807,0.15868340334109754,10.2461655822334,3.3404688542993104,0.0574541027592683,0.24418203557996368,0.0,0.07662589263311792,0.0,0.40425531914893614,0,0.0,0,0.0
