feature,category,shap_mean_abs_mean,shap_mean_abs_std,rank_shap_mean_abs,subject_level_std,subject_level_unique_count,subject_level_missing_count,is_constant,is_near_constant
std_8th_delta_delta,Delta / Delta-delta,0.22222105,0.06124428,1.0,0.00461733108569369,252,0,False,False
std_9th_delta_delta,Delta / Delta-delta,0.16341962,0.11273548,2.0,0.004621840252114953,252,0,False,False
std_delta_delta_log_energy,Delta / Delta-delta,0.15089662,0.094648734,3.0,0.007949844354702586,251,0,False,False
mean_2nd_delta,Delta / Delta-delta,0.10647273,0.06945186,4.0,0.0034419352490476425,252,0,False,False
tqwt_kurtosisValue_dec_20,TQWT,0.08354702,0.0717334,5.0,0.7375061873366606,250,0,False,False
std_7th_delta,Delta / Delta-delta,0.08221401,0.09487678,6.0,0.011828916751884024,252,0,False,False
tqwt_kurtosisValue_dec_34,TQWT,0.08123456,0.07585047,7.0,12.349700187161492,252,0,False,False
tqwt_entropy_log_dec_27,TQWT,0.077103294,0.07221466,8.0,3943.004753145414,252,0,False,False
mean_delta_log_energy,Delta / Delta-delta,0.073251866,0.05429598,9.0,0.0038365898807469654,252,0,False,False
tqwt_kurtosisValue_dec_18,TQWT,0.072784565,0.082307,10.0,0.9505442648065496,252,0,False,False
tqwt_energy_dec_25,TQWT,0.07187187,0.11067736,11.0,0.08709537976825013,252,0,False,False
std_6th_delta_delta,Delta / Delta-delta,0.06873751,0.057979647,12.0,0.006211563348181346,252,0,False,False
tqwt_kurtosisValue_dec_33,TQWT,0.06374007,0.049651805,13.0,13.327562626073325,252,0,False,False
tqwt_entropy_log_dec_11,TQWT,0.06220944,0.056602832,14.0,43594.07966711276,252,0,False,False
tqwt_medianValue_dec_16,TQWT,0.058575302,0.07234548,15.0,0.00044283047063248634,178,0,False,False
std_delta_log_energy,Delta / Delta-delta,0.057679255,0.043715216,16.0,0.02573179818241642,252,0,False,False
tqwt_entropy_shannon_dec_12,TQWT,0.051596522,0.07132639,17.0,189.06706093962842,252,0,False,False
tqwt_meanValue_dec_16,TQWT,0.05154838,0.041882627,18.0,2.2119459912516254e-19,251,0,False,True
mean_5th_delta,Delta / Delta-delta,0.05145196,0.041712623,19.0,0.0024609748380686773,252,0,False,False
std_7th_delta_delta,Delta / Delta-delta,0.051104266,0.025221588,20.0,0.005503259858658112,251,0,False,False
tqwt_entropy_log_dec_12,TQWT,0.050235093,0.034667164,21.0,40196.01688188994,252,0,False,False
tqwt_meanValue_dec_5,TQWT,0.045828324,0.042010218,22.0,5.615004514295451e-21,251,0,False,True
std_8th_delta,Delta / Delta-delta,0.0444246,0.022714902,23.0,0.009980204270499638,252,0,False,False
tqwt_entropy_log_dec_33,TQWT,0.043871325,0.026119752,24.0,864.6311079543106,252,0,False,False
std_10th_delta_delta,Delta / Delta-delta,0.04337055,0.04365577,25.0,0.004764361229370594,252,0,False,False
tqwt_TKEO_mean_dec_12,TQWT,0.041430246,0.012780918,26.0,0.004459978380606668,252,0,False,False
tqwt_skewnessValue_dec_10,TQWT,0.041221425,0.047133066,27.0,0.10140951294896586,252,0,False,False
tqwt_energy_dec_6,TQWT,0.03922301,0.048469286,28.0,0.0033658305622442626,251,0,False,False
GNE_NSR_SEO,Nonlinear,0.03888331,0.030431138,29.0,0.032493557622828045,237,0,False,False
std_6th_delta,Delta / Delta-delta,0.03858299,0.047248587,30.0,0.01316788492577514,252,0,False,False
tqwt_skewnessValue_dec_12,TQWT,0.034040943,0.03352166,31.0,0.02358430477211904,252,0,False,False
std_MFCC_4th_coef,MFCC,0.033399634,0.034798753,32.0,0.12177525347669915,252,0,False,False
tqwt_skewnessValue_dec_24,TQWT,0.033279456,0.03139575,33.0,0.07653505322093752,252,0,False,False
app_LT_TKEO_mean_4_coef,Wavelet,0.03303846,0.03363903,34.0,3.5152078680658954,252,0,False,False
tqwt_TKEO_mean_dec_6,TQWT,0.03260827,0.036366686,35.0,0.00038413855101637095,250,0,False,False
IMF_SNR_SEO,Other,0.030412102,0.03098517,36.0,109.66880282630231,252,0,False,False
mean_MFCC_3rd_coef,MFCC,0.03015002,0.041469555,37.0,1.5857431583700954,251,0,False,False
tqwt_energy_dec_21,TQWT,0.02946518,0.027723055,38.0,0.03812992704606898,252,0,False,False
tqwt_medianValue_dec_11,TQWT,0.025015254,0.021078296,39.0,5.4086610324211245e-05,252,0,False,False
std_10th_delta,Delta / Delta-delta,0.024567679,0.01607644,40.0,0.010080985566828982,252,0,False,False
tqwt_entropy_shannon_dec_25,TQWT,0.023414228,0.021384351,41.0,314.56976251996554,252,0,False,False
app_LT_TKEO_mean_3_coef,Wavelet,0.023353938,0.027890362,42.0,1.270521749922571,252,0,False,False
mean_MFCC_2nd_coef,MFCC,0.023090947,0.023151882,43.0,1.6008244386502515,251,0,False,False
DFA,Nonlinear,0.02307358,0.021844205,44.0,0.06616222630518774,251,0,False,False
tqwt_skewnessValue_dec_33,TQWT,0.021131147,0.013366452,45.0,0.7399390928329563,252,0,False,False
tqwt_skewnessValue_dec_35,TQWT,0.020983903,0.02955699,46.0,0.8513657077666263,252,0,False,False
tqwt_minValue_dec_11,TQWT,0.020762343,0.015976176,47.0,0.05930434994079044,252,0,False,False
tqwt_entropy_log_dec_25,TQWT,0.020277547,0.023917954,48.0,4165.99171331461,252,0,False,False
tqwt_energy_dec_7,TQWT,0.0202269,0.0300937,49.0,0.002136437650228028,251,0,False,False
tqwt_energy_dec_27,TQWT,0.01994009,0.00944496,50.0,0.08510246952333701,251,0,False,False
tqwt_energy_dec_26,TQWT,0.01972062,0.022559458,51.0,0.07920539541597234,252,0,False,False
tqwt_kurtosisValue_dec_26,TQWT,0.019581523,0.026571766,52.0,38.412282103906236,250,0,False,False
tqwt_energy_dec_28,TQWT,0.019467194,0.020744588,53.0,0.04930595189226657,252,0,False,False
mean_11th_delta_delta,Delta / Delta-delta,0.01817898,0.021505646,54.0,0.00019327318731351015,252,0,False,False
tqwt_kurtosisValue_dec_36,TQWT,0.018066,0.02768181,55.0,29.402826898739306,252,0,False,False
mean_10th_delta_delta,Delta / Delta-delta,0.017342608,0.008415869,56.0,0.00018771044169963195,252,0,False,False
tqwt_skewnessValue_dec_8,TQWT,0.017197913,0.027916752,57.0,0.021672094071865215,252,0,False,False
tqwt_medianValue_dec_1,TQWT,0.017161245,0.017873742,58.0,1.4706389855037521e-06,250,0,False,False
tqwt_entropy_log_dec_13,TQWT,0.016966581,0.0323479,59.0,31805.699008352247,252,0,False,False
tqwt_meanValue_dec_11,TQWT,0.016884288,0.017186247,60.0,4.540279266019237e-20,250,0,False,True
tqwt_energy_dec_11,TQWT,0.016446617,0.009746452,61.0,0.005671576828616317,252,0,False,False
tqwt_minValue_dec_12,TQWT,0.016369069,0.022447098,62.0,0.08771895730578913,252,0,False,False
tqwt_medianValue_dec_10,TQWT,0.016315874,0.015927115,63.0,4.833456965949474e-05,251,0,False,False
tqwt_skewnessValue_dec_28,TQWT,0.015799126,0.014970852,64.0,1.0961963285777472,252,0,False,False
tqwt_medianValue_dec_12,TQWT,0.015369071,0.018498017,65.0,4.1909526755997594e-05,252,0,False,False
tqwt_meanValue_dec_18,TQWT,0.015050517,0.008944308,66.0,6.511300175078883e-19,252,0,False,True
tqwt_stdValue_dec_13,TQWT,0.014592128,0.021993669,67.0,0.05097187883501582,252,0,False,False
tqwt_skewnessValue_dec_3,TQWT,0.01457046,0.016898962,68.0,0.09681189419714974,252,0,False,False
std_9th_delta,Delta / Delta-delta,0.014505789,0.014242615,69.0,0.009858824007424775,252,0,False,False
numPulses,Other,0.014484051,0.009908418,70.0,93.04319146311943,225,0,False,False
det_LT_entropy_shannon_9_coef,Wavelet,0.01378409,0.0240925,71.0,2.6445570651120374,252,0,False,False
tqwt_TKEO_std_dec_19,TQWT,0.012820611,0.0030743862,72.0,0.08996087995660593,252,0,False,False
tqwt_TKEO_mean_dec_25,TQWT,0.012769814,0.008152994,73.0,0.5619322041280519,252,0,False,False
tqwt_skewnessValue_dec_25,TQWT,0.012558821,0.012280961,74.0,0.16733850979797452,252,0,False,False
tqwt_entropy_shannon_dec_26,TQWT,0.0119042415,0.01615631,75.0,353.94443739562166,252,0,False,False
tqwt_medianValue_dec_17,TQWT,0.011820376,0.008532441,76.0,0.0006173277965498204,178,0,False,False
tqwt_medianValue_dec_29,TQWT,0.011738805,0.011297194,77.0,0.0035881554950552945,252,0,False,False
tqwt_medianValue_dec_27,TQWT,0.01172157,0.026210228,78.0,0.004395307432193136,252,0,False,False
tqwt_entropy_shannon_dec_36,TQWT,0.011508534,0.022409275,79.0,9.138155181902839,252,0,False,False
tqwt_TKEO_mean_dec_16,TQWT,0.011497504,0.0257092,80.0,0.08585792630812342,252,0,False,False
std_MFCC_3rd_coef,MFCC,0.011204581,0.012937065,81.0,0.14288122568917566,251,0,False,False
tqwt_skewnessValue_dec_30,TQWT,0.011188232,0.022287106,82.0,0.19366792697456126,252,0,False,False
tqwt_maxValue_dec_12,TQWT,0.010953907,0.0196482,83.0,0.08766160599587049,252,0,False,False
tqwt_stdValue_dec_16,TQWT,0.010926198,0.015312437,84.0,0.11810264475912499,252,0,False,False
tqwt_medianValue_dec_30,TQWT,0.010850926,0.02036362,85.0,0.0005991206559692032,252,0,False,False
mean_MFCC_5th_coef,MFCC,0.01084489,0.014741586,86.0,0.9970573844583144,252,0,False,False
ppq5Jitter,Jitter,0.01050918,0.011878426,87.0,0.0015634032560503527,208,0,False,False
tqwt_kurtosisValue_dec_12,TQWT,0.010447622,0.01328603,88.0,22.638960153872596,252,0,False,False
tqwt_entropy_log_dec_1,TQWT,0.009853616,0.0068231765,89.0,274780.58555136004,252,0,False,False
tqwt_meanValue_dec_13,TQWT,0.009383566,0.007341189,90.0,1.5362947138834184e-19,252,0,False,True
mean_delta_delta_0th,Delta / Delta-delta,0.009228804,0.008312594,91.0,0.0006857172709620739,252,0,False,False
tqwt_maxValue_dec_21,TQWT,0.009080568,0.011293609,92.0,0.2368504859854458,252,0,False,False
std_5th_delta_delta,Delta / Delta-delta,0.008740348,0.014306324,93.0,0.007415900081372007,252,0,False,False
tqwt_stdValue_dec_25,TQWT,0.008633119,0.01930424,94.0,0.2806622414607202,252,0,False,False
tqwt_kurtosisValue_dec_32,TQWT,0.008587984,0.0052520707,95.0,14.632934465751802,252,0,False,False
tqwt_energy_dec_1,TQWT,0.008568586,0.011896414,96.0,0.0027700650137281713,247,0,False,False
tqwt_TKEO_std_dec_12,TQWT,0.008547756,0.01335678,97.0,0.0036730653855481885,252,0,False,False
std_MFCC_6th_coef,MFCC,0.008545108,0.014843342,98.0,0.10618404146703034,251,0,False,False
std_2nd_delta,Delta / Delta-delta,0.008529691,0.0078014913,99.0,0.020026459242586385,252,0,False,False
RPDE,Nonlinear,0.008475868,0.01535759,100.0,0.126949011671002,252,0,False,False
mean_7th_delta_delta,Delta / Delta-delta,0.008368428,0.008438092,101.0,0.00028836440199808374,252,0,False,False
std_5th_delta,Delta / Delta-delta,0.008334586,0.009503968,102.0,0.01534071838788841,252,0,False,False
tqwt_skewnessValue_dec_11,TQWT,0.0077457232,0.0133802295,103.0,0.10805348853098264,252,0,False,False
tqwt_skewnessValue_dec_36,TQWT,0.007718158,0.010496962,104.0,2.7218008265388325,252,0,False,False
tqwt_kurtosisValue_dec_17,TQWT,0.007674405,0.0068631927,105.0,1.0193442846923284,252,0,False,False
locPctJitter,Jitter,0.007522492,0.0074259466,106.0,0.002380158862540476,226,0,False,False
app_LT_TKEO_mean_5_coef,Wavelet,0.0074948766,0.010378834,107.0,8.904619618096758,252,0,False,False
tqwt_kurtosisValue_dec_35,TQWT,0.007464523,0.01008166,108.0,11.497168524908826,252,0,False,False
tqwt_medianValue_dec_28,TQWT,0.0073421686,0.010379122,109.0,0.007240455589357275,252,0,False,False
tqwt_skewnessValue_dec_22,TQWT,0.007336255,0.0079294,110.0,0.008884794798969128,252,0,False,False
tqwt_skewnessValue_dec_9,TQWT,0.0067860843,0.007081427,111.0,0.07108983680304838,252,0,False,False
tqwt_entropy_shannon_dec_6,TQWT,0.006773165,0.009278599,112.0,39.06103513593076,251,0,False,False
tqwt_medianValue_dec_34,TQWT,0.0067289895,0.015046478,113.0,0.0012253388168876138,252,0,False,False
tqwt_medianValue_dec_8,TQWT,0.006580601,0.008440264,114.0,1.427161239380174e-05,250,0,False,False
IMF_NSR_entropy,Wavelet,0.0065394095,0.00636076,115.0,0.02912606145490033,252,0,False,False
tqwt_TKEO_mean_dec_26,TQWT,0.006512246,0.0145618245,116.0,0.5515335528348231,252,0,False,False
tqwt_energy_dec_17,TQWT,0.0063517676,0.0062777987,117.0,0.07676854211793127,252,0,False,False
tqwt_kurtosisValue_dec_4,TQWT,0.0060860096,0.013608731,118.0,1154.9304348391593,252,0,False,False
tqwt_medianValue_dec_25,TQWT,0.0060209567,0.006668034,119.0,0.0025847932433931435,181,0,False,False
det_entropy_log_6_coef,Wavelet,0.0058464683,0.008755101,120.0,28.765991019213732,252,0,False,False
mean_MFCC_12th_coef,MFCC,0.0057529397,0.012863964,121.0,0.5793492607840585,252,0,False,False
tqwt_energy_dec_4,TQWT,0.0056791278,0.0073674573,122.0,0.0036736089844870926,250,0,False,False
tqwt_stdValue_dec_12,TQWT,0.005586853,0.012492582,123.0,0.027526241639717116,252,0,False,False
tqwt_meanValue_dec_14,TQWT,0.005577781,0.0071804225,124.0,2.486242985627415e-19,252,0,False,True
std_MFCC_8th_coef,MFCC,0.005434123,0.007594965,125.0,0.07004229749779552,252,0,False,False
tqwt_kurtosisValue_dec_1,TQWT,0.005312868,0.008382157,126.0,2933.0932231279908,252,0,False,False
tqwt_medianValue_dec_33,TQWT,0.005102465,0.0038041794,127.0,0.0011301066339528174,252,0,False,False
tqwt_entropy_log_dec_16,TQWT,0.005041276,0.005467366,128.0,17673.043732044047,252,0,False,False
VFER_SNR_SEO,Other,0.0050293976,0.0076789977,129.0,231.88506807905472,252,0,False,False
tqwt_TKEO_mean_dec_21,TQWT,0.0050134594,0.004834271,130.0,0.11634433920601023,252,0,False,False
tqwt_entropy_log_dec_32,TQWT,0.005013108,0.007691729,131.0,1026.2157738335552,252,0,False,False
tqwt_kurtosisValue_dec_23,TQWT,0.004833804,0.0069326176,132.0,1.1538764671335853,251,0,False,False
tqwt_TKEO_std_dec_26,TQWT,0.0047190893,0.007905312,133.0,0.21113898491482394,252,0,False,False
tqwt_maxValue_dec_11,TQWT,0.004702556,0.0064504086,134.0,0.05724136723373308,252,0,False,False
b4,Formant / Bandwidth,0.0046965396,0.0071180905,135.0,417.1509956335488,252,0,False,False
std_MFCC_2nd_coef,MFCC,0.0046946723,0.004349281,136.0,0.14843791403127055,251,0,False,False
tqwt_medianValue_dec_36,TQWT,0.0046263915,0.010344925,137.0,0.0073888910563004425,251,0,False,False
tqwt_maxValue_dec_31,TQWT,0.004613512,0.008050285,138.0,0.1340936665452359,252,0,False,False
tqwt_minValue_dec_26,TQWT,0.004607602,0.0044791545,139.0,0.5538892628364362,252,0,False,False
tqwt_minValue_dec_21,TQWT,0.004515218,0.006283942,140.0,0.23577669980740407,252,0,False,False
mean_MFCC_8th_coef,MFCC,0.0044317907,0.006148427,141.0,0.8057762858796013,252,0,False,False
tqwt_minValue_dec_17,TQWT,0.0044151964,0.0054499716,142.0,0.3437270452153111,252,0,False,False
b1,Formant / Bandwidth,0.0043769707,0.0040737404,143.0,202.34083173933368,252,0,False,False
tqwt_entropy_log_dec_4,TQWT,0.0043385797,0.0062476406,144.0,203562.84882487037,252,0,False,False
tqwt_maxValue_dec_1,TQWT,0.0043249982,0.007595444,145.0,0.02605954851684779,252,0,False,False
tqwt_energy_dec_5,TQWT,0.004306267,0.005406051,146.0,0.004019812151492711,252,0,False,False
tqwt_entropy_log_dec_35,TQWT,0.0043053823,0.004417311,147.0,718.2643483755425,252,0,False,False
det_LT_entropy_shannon_7_coef,Wavelet,0.0042253165,0.009448095,148.0,7.0052898302940445,252,0,False,False
tqwt_medianValue_dec_26,TQWT,0.004143832,0.003885582,149.0,0.0017420856701271903,250,0,False,False
mean_3rd_delta_delta,Delta / Delta-delta,0.0039811744,0.003879331,150.0,0.00029993153157647395,252,0,False,False
tqwt_meanValue_dec_20,TQWT,0.0039640167,0.0057207327,151.0,2.2550174089158895e-19,252,0,False,True
apq11Shimmer,Shimmer,0.003941371,0.0088131735,152.0,0.028503556830923312,250,0,False,False
tqwt_kurtosisValue_dec_15,TQWT,0.0038483914,0.005708258,153.0,1.5914599548846664,251,0,False,False
std_MFCC_7th_coef,MFCC,0.0038017624,0.0037324575,154.0,0.07997889892321729,252,0,False,False
tqwt_meanValue_dec_12,TQWT,0.0037546128,0.004794307,155.0,6.783991962166135e-20,252,0,False,True
mean_MFCC_6th_coef,MFCC,0.0037540942,0.005652632,156.0,0.7931158759691571,252,0,False,False
tqwt_skewnessValue_dec_27,TQWT,0.0037165005,0.0035167134,157.0,0.9634290935928078,252,0,False,False
app_entropy_shannon_2_coef,Wavelet,0.003688322,0.008247338,158.0,60723889.22619018,252,0,False,False
tqwt_maxValue_dec_20,TQWT,0.0036770466,0.008222126,159.0,0.25725412502853673,252,0,False,False
locAbsJitter,Jitter,0.003675079,0.0057632406,160.0,2.070737785457488e-05,244,0,False,False
tqwt_skewnessValue_dec_34,TQWT,0.003670338,0.008207126,161.0,0.8505171788136131,252,0,False,False
app_det_TKEO_mean_4_coef,Other,0.003659247,0.008182325,162.0,24624.79085644874,252,0,False,False
tqwt_entropy_shannon_dec_17,TQWT,0.0036531412,0.008168672,163.0,475.37680090506956,252,0,False,False
tqwt_skewnessValue_dec_14,TQWT,0.0036150173,0.005023558,164.0,0.014718922398993445,252,0,False,False
tqwt_energy_dec_16,TQWT,0.0035982311,0.0049672625,165.0,0.07000065783950658,252,0,False,False
tqwt_kurtosisValue_dec_6,TQWT,0.0035624157,0.005881007,166.0,734.1205434302385,252,0,False,False
tqwt_stdValue_dec_11,TQWT,0.0035527654,0.007944225,167.0,0.0132697113858547,252,0,False,False
app_entropy_shannon_4_coef,Wavelet,0.0035146489,0.004854727,168.0,113794989.6304096,252,0,False,False
tqwt_entropy_shannon_dec_31,TQWT,0.0034986115,0.006639521,169.0,8.400345043325258,252,0,False,False
tqwt_meanValue_dec_9,TQWT,0.0034314394,0.0054708607,170.0,2.1314369291564682e-20,251,0,False,True
mean_MFCC_1st_coef,MFCC,0.0033855438,0.007570306,171.0,1.555992102832819,252,0,False,False
tqwt_entropy_shannon_dec_23,TQWT,0.0033524074,0.0064377636,172.0,151.16310041727976,252,0,False,False
numPeriodsPulses,Other,0.003350451,0.007491836,173.0,93.21443248710368,223,0,False,False
det_LT_TKEO_std_1_coef,Wavelet,0.0033451628,0.004913171,174.0,0.03414301503620919,250,0,False,False
tqwt_entropy_shannon_dec_3,TQWT,0.0033202632,0.004660459,175.0,18.22263242020154,252,0,False,False
tqwt_skewnessValue_dec_13,TQWT,0.0032800417,0.0055572754,176.0,0.007929870269305651,252,0,False,False
mean_9th_delta_delta,Delta / Delta-delta,0.0031993997,0.0071540754,177.0,0.00019175770980680876,252,0,False,False
tqwt_entropy_shannon_dec_11,TQWT,0.0031776235,0.0071053826,178.0,71.19574580501374,252,0,False,False
mean_9th_delta,Delta / Delta-delta,0.0031417895,0.0060177795,179.0,0.001877781134981663,252,0,False,False
IMF_SNR_entropy,Wavelet,0.0031137418,0.006962538,180.0,10.109117100601338,252,0,False,False
tqwt_meanValue_dec_36,TQWT,0.0029959648,0.005635705,181.0,0.007196318312881078,252,0,False,False
std_11th_delta_delta,Delta / Delta-delta,0.0029920437,0.0045115934,182.0,0.0039336276621706155,250,0,False,False
tqwt_TKEO_std_dec_31,TQWT,0.0029918756,0.0066900374,183.0,0.024452318455010245,252,0,False,False
Ed2_9_coef,Wavelet,0.0029774741,0.0066578346,184.0,0.0005800110412733313,251,0,False,False
tqwt_skewnessValue_dec_19,TQWT,0.0029403442,0.0027235486,185.0,0.017414387248792428,252,0,False,False
ddpJitter,Jitter,0.0029330158,0.006558423,186.0,0.0026516360851890825,212,0,False,False
tqwt_kurtosisValue_dec_24,TQWT,0.002929962,0.0044691497,187.0,3.7114696253660697,249,0,False,False
tqwt_medianValue_dec_21,TQWT,0.0029215713,0.0065328316,188.0,0.0006577063005568984,252,0,False,False
tqwt_meanValue_dec_25,TQWT,0.0028951406,0.0042493227,189.0,5.360888726834538e-19,249,0,False,True
tqwt_medianValue_dec_32,TQWT,0.0028810797,0.0039454144,190.0,0.0012275319020599394,252,0,False,False
tqwt_skewnessValue_dec_26,TQWT,0.002843002,0.006357146,191.0,0.3135179683736586,251,0,False,False
tqwt_TKEO_mean_dec_4,TQWT,0.00281931,0.0063041686,192.0,0.00012851691735223445,251,0,False,False
tqwt_kurtosisValue_dec_27,TQWT,0.002761723,0.0061754,193.0,37.08850984852903,251,0,False,False
tqwt_stdValue_dec_26,TQWT,0.002695461,0.0060272343,194.0,0.2942927823072876,252,0,False,False
VFER_SNR_TKEO,Other,0.0026575315,0.005942421,195.0,114.67886308413287,252,0,False,False
VFER_NSR_SEO,Other,0.0025787405,0.0035359943,196.0,0.07925876800694658,245,0,False,False
tqwt_stdValue_dec_32,TQWT,0.0025672328,0.0039661066,197.0,0.05342410890466964,252,0,False,False
std_Log_energy,Other,0.0025551363,0.0039992086,198.0,0.2700060997565047,252,0,False,False
tqwt_TKEO_std_dec_11,TQWT,0.0025312817,0.0037923283,199.0,0.0016180764896734144,252,0,False,False
std_11th_delta,Delta / Delta-delta,0.0025111835,0.00354012,200.0,0.00861699706466596,250,0,False,False
tqwt_entropy_shannon_dec_27,TQWT,0.002503323,0.0055976,201.0,712.4832392900621,252,0,False,False
tqwt_energy_dec_15,TQWT,0.0024650353,0.0055119866,202.0,0.04869269130014433,252,0,False,False
tqwt_meanValue_dec_15,TQWT,0.0024436861,0.004270815,203.0,4.1322424412978595e-19,252,0,False,True
tqwt_entropy_log_dec_6,TQWT,0.0024130312,0.003612758,204.0,139150.74732308698,252,0,False,False
tqwt_entropy_log_dec_26,TQWT,0.0024122202,0.0053938883,205.0,4478.311167618668,252,0,False,False
tqwt_entropy_log_dec_31,TQWT,0.0024084747,0.005385513,206.0,1167.0839064349236,252,0,False,False
IMF_NSR_TKEO,Other,0.0024041438,0.005375829,207.0,8.069920087947933,252,0,False,False
tqwt_entropy_log_dec_28,TQWT,0.0024026425,0.005372472,208.0,2951.1453926890817,252,0,False,False
det_entropy_shannon_10_coef,Wavelet,0.0023911286,0.0036993413,209.0,5493969.426839324,252,0,False,False
tqwt_entropy_shannon_dec_32,TQWT,0.0023867928,0.0022583853,210.0,24.998693205945607,252,0,False,False
tqwt_TKEO_mean_dec_32,TQWT,0.0023648296,0.0037620852,211.0,0.07798499906459037,252,0,False,False
tqwt_TKEO_std_dec_16,TQWT,0.0023342571,0.0052195573,212.0,0.056143849265607025,252,0,False,False
mean_1st_delta_delta,Delta / Delta-delta,0.0023101368,0.0035547442,213.0,0.0004426562222116955,252,0,False,False
std_4th_delta_delta,Delta / Delta-delta,0.0022984056,0.0031496938,214.0,0.008523407440141632,252,0,False,False
det_LT_TKEO_mean_6_coef,Wavelet,0.002286187,0.005112069,215.0,0.14907803707654432,252,0,False,False
mean_2nd_delta_delta,Delta / Delta-delta,0.0022758078,0.0050888606,216.0,0.00034178198723201607,252,0,False,False
tqwt_meanValue_dec_27,TQWT,0.0022404962,0.0050099017,217.0,1.6521278480075777e-18,250,0,False,True
tqwt_kurtosisValue_dec_13,TQWT,0.0022334296,0.0049941004,218.0,3.0299119987135836,252,0,False,False
tqwt_stdValue_dec_1,TQWT,0.0022298882,0.004986182,219.0,0.0014704150774605526,252,0,False,False
tqwt_medianValue_dec_5,TQWT,0.0022158956,0.004954893,220.0,5.694648480784122e-06,179,0,False,False
tqwt_kurtosisValue_dec_2,TQWT,0.0022094736,0.003587946,221.0,1343.7286416321817,252,0,False,False
tqwt_meanValue_dec_2,TQWT,0.0022084035,0.0030267637,222.0,3.3302428670843045e-21,251,0,False,True
tqwt_stdValue_dec_4,TQWT,0.0022033043,0.0049267383,223.0,0.0035587671090290553,252,0,False,False
tqwt_TKEO_std_dec_13,TQWT,0.002196084,0.004910593,224.0,0.013966863816000688,252,0,False,False
tqwt_medianValue_dec_7,TQWT,0.0021382417,0.004781254,225.0,1.3091522495184385e-05,252,0,False,False
meanNoiseToHarmHarmonicity,HNR / Harmonicity,0.0021299166,0.0047626384,226.0,0.09628323015426693,252,0,False,False
tqwt_skewnessValue_dec_29,TQWT,0.0021090233,0.00471592,227.0,0.9758279927786497,252,0,False,False
mean_MFCC_7th_coef,MFCC,0.0020975755,0.0029556917,228.0,0.7733665997897692,252,0,False,False
tqwt_medianValue_dec_6,TQWT,0.0020785343,0.0030923337,229.0,8.69080043396495e-06,251,0,False,False
tqwt_entropy_log_dec_18,TQWT,0.0020695888,0.004627741,230.0,11018.302519649656,252,0,False,False
tqwt_medianValue_dec_15,TQWT,0.002062515,0.004611924,231.0,0.0010993603289846385,252,0,False,False
tqwt_TKEO_mean_dec_35,TQWT,0.0020401562,0.004561928,232.0,0.014486362773584768,251,0,False,False
tqwt_kurtosisValue_dec_31,TQWT,0.002031298,0.0045421203,233.0,16.037014732622993,252,0,False,False
tqwt_minValue_dec_19,TQWT,0.0020012578,0.004474949,234.0,0.324530636933468,252,0,False,False
tqwt_TKEO_mean_dec_9,TQWT,0.0019959921,0.0044631744,235.0,0.0005385639703832817,252,0,False,False
tqwt_medianValue_dec_18,TQWT,0.0019524168,0.0026871266,236.0,0.0006802083723792346,252,0,False,False
tqwt_entropy_shannon_dec_16,TQWT,0.0019511547,0.0043629147,237.0,504.9913671327967,252,0,False,False
tqwt_energy_dec_30,TQWT,0.0019463978,0.004352278,238.0,0.004745357458337687,251,0,False,False
tqwt_meanValue_dec_34,TQWT,0.0019408412,0.004339853,239.0,4.071259557301223e-19,247,0,False,True
tqwt_meanValue_dec_7,TQWT,0.0019181505,0.0042891144,240.0,1.873717242756284e-20,252,0,False,True
tqwt_energy_dec_8,TQWT,0.0019171176,0.0042868056,241.0,0.0028889583979849224,252,0,False,False
tqwt_medianValue_dec_2,TQWT,0.0019072592,0.00303916,242.0,2.235990351654676e-06,252,0,False,False
det_LT_entropy_shannon_3_coef,Wavelet,0.0019037994,0.0042570247,243.0,0.7992280993454524,252,0,False,False
tqwt_skewnessValue_dec_15,TQWT,0.0018572885,0.0025459614,244.0,0.019024547247342816,252,0,False,False
tqwt_TKEO_std_dec_25,TQWT,0.0018353587,0.004103987,245.0,0.21517152950789153,251,0,False,False
mean_10th_delta,Delta / Delta-delta,0.0018336797,0.0041002324,246.0,0.0016521593786676463,252,0,False,False
tqwt_entropy_log_dec_34,TQWT,0.0018271629,0.0040856604,247.0,800.7077750855331,252,0,False,False
std_12th_delta,Delta / Delta-delta,0.0017148234,0.0038344616,248.0,0.008286445446454242,252,0,False,False
tqwt_TKEO_std_dec_21,TQWT,0.0016918583,0.00378311,249.0,0.05441643078724491,252,0,False,False
std_1st_delta,Delta / Delta-delta,0.0016913458,0.0037819643,250.0,0.034655887351023706,252,0,False,False
tqwt_TKEO_std_dec_20,TQWT,0.0016646732,0.0022795214,251.0,0.07281173724697083,252,0,False,False
tqwt_entropy_log_dec_9,TQWT,0.0016541851,0.0036988703,252.0,61088.5487438424,252,0,False,False
det_TKEO_std_1_coef,Other,0.0016175272,0.0036169009,253.0,1377.2916541503412,252,0,False,False
tqwt_kurtosisValue_dec_14,TQWT,0.0016162513,0.0036140478,254.0,2.0597153892034994,251,0,False,False
tqwt_TKEO_mean_dec_27,TQWT,0.0015852082,0.0035446335,255.0,0.878890019549485,252,0,False,False
std_MFCC_10th_coef,MFCC,0.0015666891,0.0023566925,256.0,0.06517429308432153,252,0,False,False
tqwt_TKEO_mean_dec_3,TQWT,0.0015633747,0.003495812,257.0,5.1879844877317165e-05,247,0,False,False
tqwt_medianValue_dec_35,TQWT,0.0015540814,0.0034750318,258.0,0.0011533428511042042,252,0,False,False
det_entropy_shannon_5_coef,Wavelet,0.0015377476,0.0034385081,259.0,508628.05207926064,252,0,False,False
tqwt_skewnessValue_dec_1,TQWT,0.0015357254,0.0021672337,260.0,6.048271192427671,252,0,False,False
tqwt_entropy_log_dec_7,TQWT,0.0015087358,0.0033736357,261.0,99428.90493287287,252,0,False,False
det_entropy_log_8_coef,Wavelet,0.001504392,0.0033639227,262.0,28.30385753607218,252,0,False,False
app_entropy_shannon_3_coef,Wavelet,0.0015033463,0.0033615846,263.0,79414250.991226,252,0,False,False
tqwt_meanValue_dec_19,TQWT,0.0014822242,0.0033143542,264.0,9.57762728915303e-19,251,0,False,True
tqwt_TKEO_std_dec_23,TQWT,0.0014721494,0.003291826,265.0,0.09963041210697704,252,0,False,False
PPE,Nonlinear,0.0014676421,0.002564944,266.0,0.11975199146281733,252,0,False,False
mean_6th_delta,Delta / Delta-delta,0.0014639526,0.0032734976,267.0,0.002419019153569761,252,0,False,False
tqwt_kurtosisValue_dec_16,TQWT,0.0014618149,0.003268717,268.0,1.148412061120188,252,0,False,False
tqwt_stdValue_dec_33,TQWT,0.0014334313,0.0032052498,269.0,0.05442805797147073,252,0,False,False
mean_1st_delta,Delta / Delta-delta,0.0014210322,0.0031775248,270.0,0.003398704052221194,252,0,False,False
app_entropy_shannon_5_coef,Wavelet,0.0014078657,0.0019332055,271.0,183249497.61009693,252,0,False,False
tqwt_TKEO_mean_dec_23,TQWT,0.0014014752,0.0031337938,272.0,0.17006966234367005,252,0,False,False
mean_MFCC_0th_coef,MFCC,0.0013431445,0.0030033623,273.0,2.127666396592989,252,0,False,False
det_LT_entropy_shannon_5_coef,Wavelet,0.0013307093,0.0029755565,274.0,2.710752778966411,252,0,False,False
meanAutoCorrHarmonicity,HNR / Harmonicity,0.0013183833,0.0029479947,275.0,0.05936149591717223,252,0,False,False
tqwt_stdValue_dec_36,TQWT,0.0013136307,0.0029373677,276.0,0.08343143958614506,252,0,False,False
tqwt_entropy_shannon_dec_4,TQWT,0.0012956228,0.0028971005,277.0,28.73416550679212,252,0,False,False
tqwt_energy_dec_33,TQWT,0.0012383553,0.0019619367,278.0,0.006074726430650559,251,0,False,False
app_LT_TKEO_std_4_coef,Wavelet,0.0012234254,0.0027356623,279.0,11.926963192750385,252,0,False,False
app_LT_TKEO_mean_1_coef,Wavelet,0.0011902477,0.0026614747,280.0,0.14122723954393165,251,0,False,False
det_TKEO_mean_5_coef,Other,0.0011553419,0.002583423,281.0,2115.2177307129255,252,0,False,False
tqwt_skewnessValue_dec_2,TQWT,0.0011337384,0.001559195,282.0,2.0450879208562367,252,0,False,False
tqwt_kurtosisValue_dec_30,TQWT,0.0011201889,0.0025048184,283.0,20.016242917862634,252,0,False,False
tqwt_entropy_shannon_dec_35,TQWT,0.0011008724,0.0024616255,284.0,3.910448067496541,252,0,False,False
tqwt_minValue_dec_13,TQWT,0.0010919215,0.0024416107,285.0,0.14875148581775408,252,0,False,False
mean_5th_delta_delta,Delta / Delta-delta,0.0010806117,0.0024163213,286.0,0.0002525407703179635,252,0,False,False
mean_8th_delta,Delta / Delta-delta,0.0010750273,0.0024038341,287.0,0.0019122014040383823,252,0,False,False
meanPeriodPulses,Other,0.0010715774,0.00239612,288.0,0.0016966578228028895,252,0,False,False
tqwt_maxValue_dec_17,TQWT,0.0010531049,0.0023548142,289.0,0.3437798151124321,252,0,False,False
tqwt_meanValue_dec_30,TQWT,0.0010448403,0.002336334,290.0,2.314822788316234e-19,249,0,False,True
tqwt_TKEO_mean_dec_33,TQWT,0.0010371145,0.0023190586,291.0,0.08092436975875965,251,0,False,False
mean_delta_delta_log_energy,Delta / Delta-delta,0.0010319066,0.0023074131,292.0,0.00029097370415902447,252,0,False,False
GNE_SNR_TKEO,Nonlinear,0.0010248511,0.0022916365,293.0,0.053902961034314835,252,0,False,False
app_LT_TKEO_mean_2_coef,Wavelet,0.0010220158,0.0022852968,294.0,0.4389751506707319,251,0,False,False
tqwt_medianValue_dec_19,TQWT,0.0010197049,0.0022801294,295.0,0.0024037473018188194,252,0,False,False
tqwt_meanValue_dec_21,TQWT,0.0010133756,0.0022659767,296.0,5.730057692717353e-19,252,0,False,True
tqwt_entropy_log_dec_29,TQWT,0.0010072903,0.0022523697,297.0,1831.023542001729,252,0,False,False
tqwt_energy_dec_36,TQWT,0.0010020009,0.002240542,298.0,0.006994154165165415,250,0,False,False
app_LT_entropy_log_5_coef,Wavelet,0.0010018288,0.0022401572,299.0,2.6702415358790104,252,0,False,False
tqwt_maxValue_dec_14,TQWT,0.0009956767,0.002226401,300.0,0.20511170843624107,252,0,False,False
tqwt_meanValue_dec_22,TQWT,0.0009727922,0.0021752298,301.0,7.136519862238269e-19,250,0,False,True
tqwt_energy_dec_3,TQWT,0.00096402614,0.002155628,302.0,0.003363431282192897,252,0,False,False
det_entropy_log_1_coef,Wavelet,0.00096341595,0.0021542634,303.0,187.46419599956005,252,0,False,False
det_LT_TKEO_mean_5_coef,Wavelet,0.0009482242,0.0021202941,304.0,0.0979294794396293,252,0,False,False
mean_MFCC_11th_coef,MFCC,0.00094687723,0.0021172818,305.0,0.5552819057195407,252,0,False,False
std_delta_delta_0th,Delta / Delta-delta,0.0009308454,0.0020814338,306.0,0.019981523102260687,252,0,False,False
app_entropy_shannon_1_coef,Wavelet,0.0008796322,0.0019669174,307.0,51072727.349912755,252,0,False,False
tqwt_meanValue_dec_8,TQWT,0.0008763807,0.0019596468,308.0,1.5750576514552318e-20,252,0,False,True
det_LT_entropy_shannon_10_coef,Wavelet,0.0008483069,0.0018968721,309.0,88.5979907371545,252,0,False,False
mean_6th_delta_delta,Delta / Delta-delta,0.00084258354,0.0018840741,310.0,0.00028144697559633514,252,0,False,False
mean_MFCC_9th_coef,MFCC,0.00081987353,0.001833293,311.0,0.783072214889216,252,0,False,False
tqwt_energy_dec_14,TQWT,0.0008162289,0.0018251434,312.0,0.03765024376008143,252,0,False,False
tqwt_energy_dec_35,TQWT,0.00081511243,0.0018226469,313.0,0.0013412582610363216,251,0,False,False
mean_12th_delta_delta,Delta / Delta-delta,0.00078983017,0.0017661139,314.0,0.00016842216610555853,252,0,False,False
VFER_entropy,Wavelet,0.00078773143,0.0017614211,315.0,5.5602092755846835,252,0,False,False
tqwt_entropy_shannon_dec_33,TQWT,0.00078705745,0.001759914,316.0,18.265499094830542,252,0,False,False
tqwt_medianValue_dec_13,TQWT,0.00075865997,0.0016964154,317.0,0.00010194166317496506,251,0,False,False
Ed_2_coef,Wavelet,0.0007497716,0.0016765402,318.0,0.016368814810962556,252,0,False,False
tqwt_meanValue_dec_26,TQWT,0.00072918175,0.0016305,319.0,1.1767716787642037e-18,249,0,False,True
tqwt_skewnessValue_dec_21,TQWT,0.0007250053,0.0016211611,320.0,0.00664897571309784,252,0,False,False
tqwt_energy_dec_13,TQWT,0.0007206303,0.0016113783,321.0,0.02702087895035819,252,0,False,False
std_MFCC_9th_coef,MFCC,0.0007199439,0.0016098435,322.0,0.06446033007137981,252,0,False,False
locShimmer,Shimmer,0.00070039387,0.0015661282,323.0,0.037521988662524014,250,0,False,False
tqwt_entropy_log_dec_21,TQWT,0.0006659271,0.0014890583,324.0,5524.83422738555,252,0,False,False
tqwt_TKEO_mean_dec_17,TQWT,0.0006642424,0.0014852912,325.0,0.14550459877359254,252,0,False,False
tqwt_energy_dec_12,TQWT,0.000660532,0.0014769945,326.0,0.011263559896773849,252,0,False,False
tqwt_kurtosisValue_dec_25,TQWT,0.0006356889,0.0014214435,327.0,28.261632673386018,247,0,False,False
tqwt_minValue_dec_9,TQWT,0.00063192804,0.001413034,328.0,0.04884402951438208,252,0,False,False
mean_8th_delta_delta,Delta / Delta-delta,0.0006253867,0.0013984073,329.0,0.00020534225606019718,252,0,False,False
tqwt_kurtosisValue_dec_29,TQWT,0.00059171283,0.0013231101,330.0,25.83958601694459,252,0,False,False
tqwt_medianValue_dec_3,TQWT,0.00055773044,0.0012471231,331.0,2.524975158290862e-06,252,0,False,False
det_LT_TKEO_std_3_coef,Wavelet,0.00055267615,0.0012358214,332.0,0.0694125158919573,246,0,False,False
tqwt_energy_dec_20,TQWT,0.0005351144,0.0011965521,333.0,0.041929183848730546,251,0,False,False
IMF_SNR_TKEO,Other,0.00051812606,0.001158565,334.0,2.0112712406686577,252,0,False,False
tqwt_energy_dec_19,TQWT,0.0005071268,0.00113397,335.0,0.06864963438808644,252,0,False,False
tqwt_minValue_dec_31,TQWT,0.0005033639,0.001125556,336.0,0.1359808823524721,252,0,False,False
tqwt_minValue_dec_4,TQWT,0.00050210895,0.0011227496,337.0,0.029630864508004777,252,0,False,False
tqwt_entropy_shannon_dec_24,TQWT,0.00049928535,0.001116436,338.0,294.4447410054517,252,0,False,False
tqwt_meanValue_dec_1,TQWT,0.00049774745,0.0011129972,339.0,3.591582572663579e-21,250,0,False,True
tqwt_skewnessValue_dec_20,TQWT,0.00049691263,0.0011111305,340.0,0.007786934466010251,252,0,False,False
det_entropy_shannon_1_coef,Wavelet,0.00049138645,0.0010987734,341.0,466024.1086960616,252,0,False,False
app_TKEO_std_4_coef,Other,0.00047504102,0.001062224,342.0,86719.79275424565,252,0,False,False
tqwt_minValue_dec_22,TQWT,0.00046129437,0.0010314856,343.0,0.2372502605854683,252,0,False,False
tqwt_meanValue_dec_24,TQWT,0.0003931377,0.00087908265,344.0,5.036225157673655e-19,249,0,False,True
Ed2_5_coef,Wavelet,0.00039038516,0.0008729278,345.0,0.0006086698965643642,250,0,False,False
Ed_5_coef,Wavelet,0.00037741073,0.0008439161,346.0,0.01867383703195826,250,0,False,False
det_LT_entropy_shannon_4_coef,Wavelet,0.00035970318,0.00080432073,347.0,1.4484434094582428,252,0,False,False
app_LT_entropy_shannon_7_coef,Wavelet,0.0,0.0,550.0,51314.1546359014,252,0,False,False
app_LT_entropy_shannon_6_coef,Wavelet,0.0,0.0,550.0,25188.804138729363,252,0,False,False
app_LT_entropy_shannon_5_coef,Wavelet,0.0,0.0,550.0,13618.94038570563,252,0,False,False
app_LT_entropy_shannon_4_coef,Wavelet,0.0,0.0,550.0,8120.250870731071,252,0,False,False
app_LT_entropy_shannon_3_coef,Wavelet,0.0,0.0,550.0,5414.393480410599,252,0,False,False
app_LT_entropy_shannon_2_coef,Wavelet,0.0,0.0,550.0,3919.8348211064304,252,0,False,False
app_LT_entropy_shannon_1_coef,Wavelet,0.0,0.0,550.0,3073.6849075515656,252,0,False,False
det_LT_TKEO_std_10_coef,Wavelet,0.0,0.0,550.0,3.7771859366025584,252,0,False,False
det_LT_TKEO_std_9_coef,Wavelet,0.0,0.0,550.0,0.2867762177629551,252,0,False,False
det_LT_TKEO_std_8_coef,Wavelet,0.0,0.0,550.0,1.9210108373890828,252,0,False,False
det_LT_TKEO_std_7_coef,Wavelet,0.0,0.0,550.0,0.4504815627058237,252,0,False,False
det_LT_TKEO_std_6_coef,Wavelet,0.0,0.0,550.0,0.34948803650358967,251,0,False,False
det_LT_TKEO_std_5_coef,Wavelet,0.0,0.0,550.0,0.2210888574999206,252,0,False,False
app_LT_TKEO_mean_9_coef,Wavelet,0.0,0.0,550.0,187.26961396217365,252,0,False,False
app_LT_TKEO_mean_8_coef,Wavelet,0.0,0.0,550.0,93.65569631560365,252,0,False,False
app_LT_TKEO_mean_7_coef,Wavelet,0.0,0.0,550.0,44.00791329708279,252,0,False,False
app_LT_TKEO_mean_6_coef,Wavelet,0.0,0.0,550.0,20.75967101140491,252,0,False,False
app_LT_entropy_log_10_coef,Wavelet,0.0,0.0,550.0,1.5792914326292216,251,0,False,False
app_LT_entropy_log_9_coef,Wavelet,0.0,0.0,550.0,1.5794335207436805,251,0,False,False
app_LT_entropy_log_8_coef,Wavelet,0.0,0.0,550.0,1.5794703455273882,251,0,False,False
app_LT_entropy_log_7_coef,Wavelet,0.0,0.0,550.0,1.792407678187814,252,0,False,False
app_LT_entropy_log_6_coef,Wavelet,0.0,0.0,550.0,1.970023928455464,252,0,False,False
app_LT_entropy_log_4_coef,Wavelet,0.0,0.0,550.0,4.222423204185521,251,0,False,False
app_LT_entropy_log_3_coef,Wavelet,0.0,0.0,550.0,7.100194666396029,252,0,False,False
app_LT_entropy_log_2_coef,Wavelet,0.0,0.0,550.0,12.010904904413492,252,0,False,False
app_LT_entropy_log_1_coef,Wavelet,0.0,0.0,550.0,20.84533933473774,252,0,False,False
tqwt_energy_dec_10,TQWT,0.0,0.0,550.0,0.005883157333919306,252,0,False,False
tqwt_energy_dec_9,TQWT,0.0,0.0,550.0,0.003386445185482601,252,0,False,False
tqwt_energy_dec_2,TQWT,0.0,0.0,550.0,0.0025221809312868846,250,0,False,False
app_LT_TKEO_std_10_coef,Wavelet,0.0,0.0,550.0,986.8164979127004,252,0,False,False
app_LT_TKEO_std_9_coef,Wavelet,0.0,0.0,550.0,492.1836280332233,252,0,False,False
app_LT_TKEO_std_8_coef,Wavelet,0.0,0.0,550.0,247.5167441077149,252,0,False,False
app_LT_TKEO_std_7_coef,Wavelet,0.0,0.0,550.0,119.91111670886181,252,0,False,False
app_LT_TKEO_std_6_coef,Wavelet,0.0,0.0,550.0,58.48165209552774,252,0,False,False
app_LT_TKEO_std_5_coef,Wavelet,0.0,0.0,550.0,27.116006503890848,252,0,False,False
app_LT_TKEO_std_3_coef,Wavelet,0.0,0.0,550.0,5.06692392701911,252,0,False,False
app_LT_TKEO_std_2_coef,Wavelet,0.0,0.0,550.0,2.0817772804861208,251,0,False,False
app_LT_TKEO_std_1_coef,Wavelet,0.0,0.0,550.0,0.8237457785227763,252,0,False,False
app_LT_TKEO_mean_10_coef,Wavelet,0.0,0.0,550.0,374.3969589311044,252,0,False,False
det_entropy_shannon_6_coef,Wavelet,0.0,0.0,550.0,707616.9356206914,252,0,False,False
det_entropy_shannon_4_coef,Wavelet,0.0,0.0,550.0,617929.1286675667,252,0,False,False
det_entropy_shannon_3_coef,Wavelet,0.0,0.0,550.0,503224.4829311353,252,0,False,False
det_entropy_shannon_2_coef,Wavelet,0.0,0.0,550.0,471999.53331105824,252,0,False,False
Ed_10_coef,Wavelet,0.0,0.0,550.0,0.10864423514878582,252,0,False,False
Ed_9_coef,Wavelet,0.0,0.0,550.0,0.015122402231430696,251,0,False,False
Ed_8_coef,Wavelet,0.0,0.0,550.0,0.05139405254092171,251,0,False,False
Ed_7_coef,Wavelet,0.0,0.0,550.0,0.012496603836019499,252,0,False,False
Ed_6_coef,Wavelet,0.0,0.0,550.0,0.012991525361014854,251,0,False,False
tqwt_energy_dec_32,TQWT,0.0,0.0,550.0,0.004790647237772752,251,0,False,False
tqwt_energy_dec_31,TQWT,0.0,0.0,550.0,0.0027629258525653836,250,0,False,False
tqwt_energy_dec_29,TQWT,0.0,0.0,550.0,0.028067276410913056,252,0,False,False
tqwt_energy_dec_24,TQWT,0.0,0.0,550.0,0.08640103879984296,252,0,False,False
tqwt_energy_dec_23,TQWT,0.0,0.0,550.0,0.0582351339540457,252,0,False,False
tqwt_energy_dec_22,TQWT,0.0,0.0,550.0,0.04028932290832239,251,0,False,False
tqwt_energy_dec_18,TQWT,0.0,0.0,550.0,0.08370314679160336,252,0,False,False
det_entropy_shannon_9_coef,Wavelet,0.0,0.0,550.0,383806.14460988616,252,0,False,False
det_entropy_shannon_8_coef,Wavelet,0.0,0.0,550.0,3575285.1071688747,252,0,False,False
det_entropy_shannon_7_coef,Wavelet,0.0,0.0,550.0,865091.4138097117,252,0,False,False
tqwt_entropy_shannon_dec_15,TQWT,0.0,0.0,550.0,450.7331351833436,252,0,False,False
tqwt_entropy_shannon_dec_14,TQWT,0.0,0.0,550.0,423.24859202925586,252,0,False,False
tqwt_entropy_shannon_dec_13,TQWT,0.0,0.0,550.0,351.7856662680903,252,0,False,False
tqwt_entropy_shannon_dec_10,TQWT,0.0,0.0,550.0,56.14042510809983,252,0,False,False
tqwt_entropy_shannon_dec_9,TQWT,0.0,0.0,550.0,49.48519945214094,252,0,False,False
tqwt_entropy_shannon_dec_8,TQWT,0.0,0.0,550.0,51.95999216332677,252,0,False,False
tqwt_entropy_shannon_dec_7,TQWT,0.0,0.0,550.0,38.32515349909965,252,0,False,False
tqwt_entropy_shannon_dec_5,TQWT,0.0,0.0,550.0,40.98641988734852,252,0,False,False
tqwt_entropy_shannon_dec_2,TQWT,0.0,0.0,550.0,12.274809883851015,252,0,False,False
tqwt_energy_dec_34,TQWT,0.0,0.0,550.0,0.0026505378671741087,251,0,False,False
tqwt_entropy_shannon_dec_30,TQWT,0.0,0.0,550.0,12.78578321562163,252,0,False,False
tqwt_entropy_shannon_dec_29,TQWT,0.0,0.0,550.0,315.3178287323248,252,0,False,False
tqwt_entropy_shannon_dec_28,TQWT,0.0,0.0,550.0,228.5697437098619,252,0,False,False
tqwt_entropy_shannon_dec_22,TQWT,0.0,0.0,550.0,151.1412697480952,252,0,False,False
tqwt_entropy_shannon_dec_21,TQWT,0.0,0.0,550.0,180.4860249103344,252,0,False,False
tqwt_entropy_shannon_dec_20,TQWT,0.0,0.0,550.0,206.1696031960179,252,0,False,False
tqwt_entropy_shannon_dec_19,TQWT,0.0,0.0,550.0,301.9963026806481,252,0,False,False
tqwt_entropy_shannon_dec_18,TQWT,0.0,0.0,550.0,388.31125490265174,252,0,False,False
Ed_3_coef,Wavelet,0.0,0.0,550.0,0.013950701948391622,251,0,False,False
Ed_1_coef,Wavelet,0.0,0.0,550.0,0.01873015438746559,245,0,False,False
Ea,Other,0.0,0.0,550.0,0.24966313121115719,171,0,False,False
std_12th_delta_delta,Delta / Delta-delta,0.0,0.0,550.0,0.003797504165142989,251,0,False,False
std_3rd_delta_delta,Delta / Delta-delta,0.0,0.0,550.0,0.009926409969086253,252,0,False,False
tqwt_entropy_log_dec_8,TQWT,0.0,0.0,550.0,76358.05872555726,252,0,False,False
tqwt_entropy_log_dec_5,TQWT,0.0,0.0,550.0,179239.26646199767,252,0,False,False
tqwt_entropy_log_dec_3,TQWT,0.0,0.0,550.0,229195.11805249334,252,0,False,False
tqwt_entropy_log_dec_2,TQWT,0.0,0.0,550.0,257700.22615596975,252,0,False,False
tqwt_entropy_shannon_dec_34,TQWT,0.0,0.0,550.0,5.328345081904087,252,0,False,False
tqwt_entropy_log_dec_24,TQWT,0.0,0.0,550.0,3738.6214930767987,252,0,False,False
tqwt_entropy_log_dec_23,TQWT,0.0,0.0,550.0,3979.736865453828,252,0,False,False
tqwt_entropy_log_dec_22,TQWT,0.0,0.0,550.0,4511.929671522676,252,0,False,False
tqwt_entropy_log_dec_20,TQWT,0.0,0.0,550.0,6410.03975049965,252,0,False,False
tqwt_entropy_log_dec_19,TQWT,0.0,0.0,550.0,8299.703128793033,252,0,False,False
tqwt_entropy_log_dec_17,TQWT,0.0,0.0,550.0,14050.771863655384,252,0,False,False
tqwt_entropy_log_dec_15,TQWT,0.0,0.0,550.0,20714.182230460912,252,0,False,False
tqwt_entropy_log_dec_14,TQWT,0.0,0.0,550.0,24818.801790473233,252,0,False,False
tqwt_entropy_log_dec_10,TQWT,0.0,0.0,550.0,50976.8236584125,252,0,False,False
Ed_4_coef,Wavelet,0.0,0.0,550.0,0.017625433205536556,249,0,False,False
std_1st_delta_delta,Delta / Delta-delta,0.0,0.0,550.0,0.017671242020211492,251,0,False,False
std_4th_delta,Delta / Delta-delta,0.0,0.0,550.0,0.01688251716114789,252,0,False,False
std_3rd_delta,Delta / Delta-delta,0.0,0.0,550.0,0.020172241969243155,252,0,False,False
tqwt_TKEO_mean_dec_2,TQWT,0.0,0.0,550.0,2.5912427817687636e-05,251,0,False,False
tqwt_TKEO_mean_dec_1,TQWT,0.0,0.0,550.0,1.7259640328283468e-05,246,0,False,False
tqwt_entropy_log_dec_36,TQWT,0.0,0.0,550.0,868.3082300183194,252,0,False,False
tqwt_entropy_log_dec_30,TQWT,0.0,0.0,550.0,1341.3070928567247,252,0,False,False
tqwt_TKEO_mean_dec_22,TQWT,0.0,0.0,550.0,0.10772446600903253,252,0,False,False
tqwt_TKEO_mean_dec_20,TQWT,0.0,0.0,550.0,0.09346824965575641,252,0,False,False
tqwt_TKEO_mean_dec_19,TQWT,0.0,0.0,550.0,0.16383960169421077,252,0,False,False
tqwt_TKEO_mean_dec_18,TQWT,0.0,0.0,550.0,0.204714503716906,252,0,False,False
tqwt_entropy_shannon_dec_1,TQWT,0.0,0.0,550.0,10.545973478739274,252,0,False,False
tqwt_TKEO_mean_dec_14,TQWT,0.0,0.0,550.0,0.03320267536759841,252,0,False,False
tqwt_TKEO_mean_dec_13,TQWT,0.0,0.0,550.0,0.021324691875387308,252,0,False,False
tqwt_TKEO_mean_dec_11,TQWT,0.0,0.0,550.0,0.0011949459105969399,252,0,False,False
tqwt_TKEO_mean_dec_10,TQWT,0.0,0.0,550.0,0.000805132005962786,252,0,False,False
tqwt_kurtosisValue_dec_19,TQWT,0.0,0.0,550.0,0.8031524329368636,252,0,False,False
tqwt_TKEO_mean_dec_8,TQWT,0.0,0.0,550.0,0.0005830494978752444,251,0,False,False
tqwt_TKEO_mean_dec_7,TQWT,0.0,0.0,550.0,0.0002747427165832224,250,0,False,False
tqwt_TKEO_mean_dec_5,TQWT,0.0,0.0,550.0,0.0002917237353533592,252,0,False,False
std_2nd_delta_delta,Delta / Delta-delta,0.0,0.0,550.0,0.009719027555433005,252,0,False,False
tqwt_TKEO_std_dec_5,TQWT,0.0,0.0,550.0,0.0008929250605648288,251,0,False,False
tqwt_TKEO_std_dec_4,TQWT,0.0,0.0,550.0,0.00038552830400007435,249,0,False,False
tqwt_TKEO_std_dec_3,TQWT,0.0,0.0,550.0,0.00015338040198135578,249,0,False,False
tqwt_TKEO_std_dec_2,TQWT,0.0,0.0,550.0,7.13349332410746e-05,250,0,False,False
tqwt_TKEO_std_dec_1,TQWT,0.0,0.0,550.0,4.689207066773516e-05,251,0,False,False
tqwt_TKEO_mean_dec_36,TQWT,0.0,0.0,550.0,0.046502224912572054,252,0,False,False
f1,Formant / Bandwidth,0.0,0.0,550.0,128.72116943013583,252,0,False,False
tqwt_TKEO_mean_dec_34,TQWT,0.0,0.0,550.0,0.018477713690529016,251,0,False,False
tqwt_kurtosisValue_dec_11,TQWT,0.0,0.0,550.0,24.007348281068058,252,0,False,False
tqwt_kurtosisValue_dec_10,TQWT,0.0,0.0,550.0,43.12901570698244,252,0,False,False
tqwt_TKEO_mean_dec_31,TQWT,0.0,0.0,550.0,0.021595175565228504,252,0,False,False
tqwt_TKEO_mean_dec_30,TQWT,0.0,0.0,550.0,0.07053834519685369,252,0,False,False
tqwt_TKEO_mean_dec_29,TQWT,0.0,0.0,550.0,0.49793214129984426,252,0,False,False
tqwt_TKEO_mean_dec_28,TQWT,0.0,0.0,550.0,0.41445887209826787,252,0,False,False
tqwt_kurtosisValue_dec_9,TQWT,0.0,0.0,550.0,44.7735649453472,252,0,False,False
tqwt_TKEO_mean_dec_24,TQWT,0.0,0.0,550.0,0.3967672453776515,252,0,False,False
tqwt_kurtosisValue_dec_8,TQWT,0.0,0.0,550.0,45.391312087611695,252,0,False,False
tqwt_TKEO_std_dec_22,TQWT,0.0,0.0,550.0,0.051315577731558294,252,0,False,False
tqwt_kurtosisValue_dec_7,TQWT,0.0,0.0,550.0,184.2862161963958,252,0,False,False
tqwt_kurtosisValue_dec_5,TQWT,0.0,0.0,550.0,1112.5660374808938,252,0,False,False
tqwt_TKEO_std_dec_18,TQWT,0.0,0.0,550.0,0.109443435964061,251,0,False,False
tqwt_TKEO_std_dec_17,TQWT,0.0,0.0,550.0,0.09026884386726046,252,0,False,False
b3,Formant / Bandwidth,0.0,0.0,550.0,501.5005290256684,252,0,False,False
tqwt_TKEO_std_dec_15,TQWT,0.0,0.0,550.0,0.03855104642998892,252,0,False,False
tqwt_TKEO_std_dec_14,TQWT,0.0,0.0,550.0,0.026646785376021165,252,0,False,False
b2,Formant / Bandwidth,0.0,0.0,550.0,285.8383861835082,252,0,False,False
f4,Formant / Bandwidth,0.0,0.0,550.0,315.30769466479046,252,0,False,False
tqwt_TKEO_std_dec_10,TQWT,0.0,0.0,550.0,0.0011223679414086017,250,0,False,False
tqwt_TKEO_std_dec_9,TQWT,0.0,0.0,550.0,0.0008804294257906022,252,0,False,False
tqwt_TKEO_std_dec_8,TQWT,0.0,0.0,550.0,0.0008635473716248714,250,0,False,False
tqwt_TKEO_std_dec_7,TQWT,0.0,0.0,550.0,0.00048603849859965847,251,0,False,False
tqwt_TKEO_std_dec_6,TQWT,0.0,0.0,550.0,0.0012340130173682223,249,0,False,False
std_MFCC_12th_coef,MFCC,0.0,0.0,550.0,0.05369579516410517,251,0,False,False
std_MFCC_11th_coef,MFCC,0.0,0.0,550.0,0.06058489562742171,252,0,False,False
f3,Formant / Bandwidth,0.0,0.0,550.0,355.29676959190823,252,0,False,False
det_TKEO_mean_6_coef,Other,0.0,0.0,550.0,3328.893913633011,252,0,False,False
std_MFCC_5th_coef,MFCC,0.0,0.0,550.0,0.11612705262893656,252,0,False,False
std_MFCC_1st_coef,MFCC,0.0,0.0,550.0,0.2849674886573293,251,0,False,False
std_MFCC_0th_coef,MFCC,0.0,0.0,550.0,0.568027926298161,252,0,False,False
det_TKEO_mean_4_coef,Other,0.0,0.0,550.0,2253.5361674876303,252,0,False,False
tqwt_TKEO_std_dec_32,TQWT,0.0,0.0,550.0,0.07181997968610056,252,0,False,False
det_TKEO_mean_3_coef,Other,0.0,0.0,550.0,1433.108068396863,252,0,False,False
tqwt_TKEO_std_dec_30,TQWT,0.0,0.0,550.0,0.048674732864007815,252,0,False,False
tqwt_TKEO_std_dec_29,TQWT,0.0,0.0,550.0,0.14580494533163954,252,0,False,False
tqwt_TKEO_std_dec_28,TQWT,0.0,0.0,550.0,0.18998638704886708,252,0,False,False
tqwt_TKEO_std_dec_27,TQWT,0.0,0.0,550.0,0.2870442782399778,252,0,False,False
det_TKEO_mean_2_coef,Other,0.0,0.0,550.0,687.5269220927613,252,0,False,False
tqwt_TKEO_std_dec_24,TQWT,0.0,0.0,550.0,0.17263717215030353,252,0,False,False
det_TKEO_mean_1_coef,Other,0.0,0.0,550.0,414.051308860597,252,0,False,False
det_entropy_log_10_coef,Wavelet,0.0,0.0,550.0,30.111477148492185,252,0,False,False
tqwt_medianValue_dec_14,TQWT,0.0,0.0,550.0,0.0006031927655959487,252,0,False,False
det_entropy_log_9_coef,Wavelet,0.0,0.0,550.0,29.249980821158275,252,0,False,False
tqwt_medianValue_dec_9,TQWT,0.0,0.0,550.0,3.494083068116639e-05,251,0,False,False
det_entropy_log_7_coef,Wavelet,0.0,0.0,550.0,28.58210352947254,252,0,False,False
det_entropy_log_5_coef,Wavelet,0.0,0.0,550.0,32.23383670752636,252,0,False,False
det_entropy_log_4_coef,Wavelet,0.0,0.0,550.0,39.57989234125385,252,0,False,False
tqwt_medianValue_dec_4,TQWT,0.0,0.0,550.0,4.343657932392675e-06,250,0,False,False
det_entropy_log_3_coef,Wavelet,0.0,0.0,550.0,57.8576521091395,252,0,False,False
det_entropy_log_2_coef,Wavelet,0.0,0.0,550.0,101.37413518993567,252,0,False,False
tqwt_TKEO_std_dec_36,TQWT,0.0,0.0,550.0,0.09255148220967142,252,0,False,False
tqwt_TKEO_std_dec_35,TQWT,0.0,0.0,550.0,0.020000031521990414,252,0,False,False
tqwt_TKEO_std_dec_34,TQWT,0.0,0.0,550.0,0.022363820716976616,252,0,False,False
tqwt_TKEO_std_dec_33,TQWT,0.0,0.0,550.0,0.057390678879223854,252,0,False,False
std_0th_delta,Delta / Delta-delta,0.0,0.0,550.0,0.05252641621365371,251,0,False,False
tqwt_TKEO_mean_dec_15,TQWT,0.0,0.0,550.0,0.04441293764242939,252,0,False,False
det_TKEO_std_10_coef,Other,0.0,0.0,550.0,73800.95079841411,252,0,False,False
det_TKEO_std_9_coef,Other,0.0,0.0,550.0,5018.968763928985,252,0,False,False
det_TKEO_std_8_coef,Other,0.0,0.0,550.0,51335.860466896396,252,0,False,False
mean_4th_delta_delta,Delta / Delta-delta,0.0,0.0,550.0,0.00027960851615760113,251,0,False,False
det_TKEO_std_7_coef,Other,0.0,0.0,550.0,10720.156409372325,252,0,False,False
det_TKEO_std_6_coef,Other,0.0,0.0,550.0,7803.653123589384,252,0,False,False
det_TKEO_std_5_coef,Other,0.0,0.0,550.0,4895.239093894113,252,0,False,False
mean_12th_delta,Delta / Delta-delta,0.0,0.0,550.0,0.0014398095231282924,252,0,False,False
mean_11th_delta,Delta / Delta-delta,0.0,0.0,550.0,0.0016053177613171168,252,0,False,False
tqwt_medianValue_dec_24,TQWT,0.0,0.0,550.0,0.0018905656210624316,179,0,False,False
tqwt_medianValue_dec_23,TQWT,0.0,0.0,550.0,0.001159649610607169,252,0,False,False
tqwt_medianValue_dec_22,TQWT,0.0,0.0,550.0,0.0008950049453173759,251,0,False,False
det_TKEO_std_4_coef,Other,0.0,0.0,550.0,3889.1015203744714,252,0,False,False
tqwt_medianValue_dec_20,TQWT,0.0,0.0,550.0,0.0006085356711373855,181,0,False,False
det_TKEO_std_3_coef,Other,0.0,0.0,550.0,2282.29347066291,252,0,False,False
det_TKEO_std_2_coef,Other,0.0,0.0,550.0,1796.8203224503177,252,0,False,False
mean_0th_delta,Delta / Delta-delta,0.0,0.0,550.0,0.00970620960168668,252,0,False,False
det_TKEO_mean_10_coef,Other,0.0,0.0,550.0,36384.05326733099,252,0,False,False
mean_MFCC_10th_coef,MFCC,0.0,0.0,550.0,0.6987181778875112,252,0,False,False
det_TKEO_mean_9_coef,Other,0.0,0.0,550.0,2467.0246235863838,252,0,False,False
det_TKEO_mean_8_coef,Other,0.0,0.0,550.0,24288.635747088978,252,0,False,False
det_TKEO_mean_7_coef,Other,0.0,0.0,550.0,4529.687848811642,252,0,False,False
tqwt_meanValue_dec_6,TQWT,0.0,0.0,550.0,7.897626016840345e-21,251,0,False,True
tqwt_meanValue_dec_4,TQWT,0.0,0.0,550.0,4.684072241903329e-21,251,0,False,True
tqwt_meanValue_dec_3,TQWT,0.0,0.0,550.0,4.128668010332473e-21,251,0,False,True
app_entropy_log_9_coef,Wavelet,0.0,0.0,550.0,8.039293069104843,252,0,False,False
app_entropy_log_8_coef,Wavelet,0.0,0.0,550.0,8.04021725984981,252,0,False,False
app_entropy_log_7_coef,Wavelet,0.0,0.0,550.0,8.629325730156962,251,0,False,False
app_entropy_log_6_coef,Wavelet,0.0,0.0,550.0,9.221224650121265,252,0,False,False
tqwt_medianValue_dec_31,TQWT,0.0,0.0,550.0,0.0009383105204714493,252,0,False,False
app_entropy_log_5_coef,Wavelet,0.0,0.0,550.0,11.161185617228073,252,0,False,False
app_entropy_log_4_coef,Wavelet,0.0,0.0,550.0,15.456340841359056,252,0,False,False
tqwt_meanValue_dec_23,TQWT,0.0,0.0,550.0,1.060366614165645e-18,251,0,False,True
app_entropy_log_3_coef,Wavelet,0.0,0.0,550.0,24.301883254682373,252,0,False,False
app_entropy_log_2_coef,Wavelet,0.0,0.0,550.0,41.184581713594554,252,0,False,False
app_entropy_log_1_coef,Wavelet,0.0,0.0,550.0,75.14350701975715,252,0,False,False
tqwt_meanValue_dec_17,TQWT,0.0,0.0,550.0,2.412253477762061e-19,251,0,False,True
app_entropy_shannon_10_coef,Wavelet,0.0,0.0,550.0,5399508175.997418,252,0,False,False
tqwt_meanValue_dec_10,TQWT,0.0,0.0,550.0,2.1703128349989305e-20,252,0,False,True
app_entropy_shannon_9_coef,Wavelet,0.0,0.0,550.0,2599601571.9418774,252,0,False,False
app_entropy_shannon_8_coef,Wavelet,0.0,0.0,550.0,1249628750.7403083,252,0,False,False
app_entropy_shannon_7_coef,Wavelet,0.0,0.0,550.0,640002629.863295,252,0,False,False
app_entropy_shannon_6_coef,Wavelet,0.0,0.0,550.0,325724603.3137678,252,0,False,False
mean_7th_delta,Delta / Delta-delta,0.0,0.0,550.0,0.0019286032744448348,252,0,False,False
app_TKEO_std_5_coef,Other,0.0,0.0,550.0,194573.1585934497,252,0,False,False
mean_4th_delta,Delta / Delta-delta,0.0,0.0,550.0,0.0020796972940963637,252,0,False,False
mean_3rd_delta,Delta / Delta-delta,0.0,0.0,550.0,0.0028106787041074213,251,0,False,False
app_TKEO_std_3_coef,Other,0.0,0.0,550.0,40203.81669140676,252,0,False,False
tqwt_stdValue_dec_3,TQWT,0.0,0.0,550.0,0.0024958690351079647,252,0,False,False
tqwt_stdValue_dec_2,TQWT,0.0,0.0,550.0,0.001814873805511169,252,0,False,False
app_TKEO_std_2_coef,Other,0.0,0.0,550.0,17390.318268289604,252,0,False,False
app_TKEO_std_1_coef,Other,0.0,0.0,550.0,8095.221597805525,252,0,False,False
tqwt_meanValue_dec_35,TQWT,0.0,0.0,550.0,2.9262987392236087e-19,250,0,False,True
app_det_TKEO_mean_10_coef,Other,0.0,0.0,550.0,2584225.076174469,252,0,False,False
tqwt_meanValue_dec_33,TQWT,0.0,0.0,550.0,7.708608707785723e-19,251,0,False,True
tqwt_meanValue_dec_32,TQWT,0.0,0.0,550.0,4.792956107832439e-19,252,0,False,True
tqwt_meanValue_dec_31,TQWT,0.0,0.0,550.0,2.637798758476914e-19,251,0,False,True
app_det_TKEO_mean_9_coef,Other,0.0,0.0,550.0,1294952.4486313886,252,0,False,False
tqwt_meanValue_dec_29,TQWT,0.0,0.0,550.0,5.549944984614855e-19,251,0,False,True
tqwt_meanValue_dec_28,TQWT,0.0,0.0,550.0,1.325240702431364e-18,252,0,False,True
app_det_TKEO_mean_8_coef,Other,0.0,0.0,550.0,648036.7789292771,252,0,False,False
app_det_TKEO_mean_7_coef,Other,0.0,0.0,550.0,306362.1179665382,252,0,False,False
app_det_TKEO_mean_6_coef,Other,0.0,0.0,550.0,145481.27863947806,252,0,False,False
tqwt_stdValue_dec_23,TQWT,0.0,0.0,550.0,0.1447026137979217,252,0,False,False
tqwt_stdValue_dec_22,TQWT,0.0,0.0,550.0,0.11065387264867274,252,0,False,False
tqwt_stdValue_dec_21,TQWT,0.0,0.0,550.0,0.11048663324089185,251,0,False,False
tqwt_stdValue_dec_20,TQWT,0.0,0.0,550.0,0.10386513971731084,252,0,False,False
tqwt_stdValue_dec_19,TQWT,0.0,0.0,550.0,0.14039227117172395,252,0,False,False
tqwt_stdValue_dec_18,TQWT,0.0,0.0,550.0,0.16339417313260926,252,0,False,False
tqwt_stdValue_dec_17,TQWT,0.0,0.0,550.0,0.14776247425887795,252,0,False,False
tqwt_stdValue_dec_15,TQWT,0.0,0.0,550.0,0.08670107088793993,252,0,False,False
tqwt_stdValue_dec_14,TQWT,0.0,0.0,550.0,0.06936795077621087,252,0,False,False
app_det_TKEO_mean_5_coef,Other,0.0,0.0,550.0,62600.084718429505,252,0,False,False
tqwt_stdValue_dec_10,TQWT,0.0,0.0,550.0,0.010656595711654325,252,0,False,False
app_det_TKEO_mean_3_coef,Other,0.0,0.0,550.0,9091.234366185774,252,0,False,False
tqwt_stdValue_dec_8,TQWT,0.0,0.0,550.0,0.007812462048681216,252,0,False,False
tqwt_stdValue_dec_7,TQWT,0.0,0.0,550.0,0.005576135344642032,252,0,False,False
tqwt_stdValue_dec_6,TQWT,0.0,0.0,550.0,0.005106525370576986,252,0,False,False
tqwt_stdValue_dec_5,TQWT,0.0,0.0,550.0,0.004898604406187288,252,0,False,False
app_det_TKEO_mean_2_coef,Other,0.0,0.0,550.0,3328.660045130267,252,0,False,False
tqwt_minValue_dec_3,TQWT,0.0,0.0,550.0,0.022711717907368728,252,0,False,False
tqwt_minValue_dec_2,TQWT,0.0,0.0,550.0,0.018265484335051523,251,0,False,False
tqwt_minValue_dec_1,TQWT,0.0,0.0,550.0,0.026994966592865523,252,0,False,False
app_det_TKEO_mean_1_coef,Other,0.0,0.0,550.0,1269.172406493931,252,0,False,False
tqwt_stdValue_dec_35,TQWT,0.0,0.0,550.0,0.03868550234345735,252,0,False,False
tqwt_stdValue_dec_34,TQWT,0.0,0.0,550.0,0.041831552689495,252,0,False,False
app_entropy_log_10_coef,Wavelet,0.0,0.0,550.0,8.036636521919053,252,0,False,False
Ed2_10_coef,Wavelet,0.0,0.0,550.0,0.005536141284584842,252,0,False,False
tqwt_stdValue_dec_31,TQWT,0.0,0.0,550.0,0.043658471355994814,252,0,False,False
tqwt_stdValue_dec_30,TQWT,0.0,0.0,550.0,0.0644834012954054,252,0,False,False
tqwt_stdValue_dec_29,TQWT,0.0,0.0,550.0,0.14264748154801826,252,0,False,False
tqwt_stdValue_dec_28,TQWT,0.0,0.0,550.0,0.21300671285581807,252,0,False,False
tqwt_stdValue_dec_27,TQWT,0.0,0.0,550.0,0.300502762526528,252,0,False,False
Ed2_8_coef,Wavelet,0.0,0.0,550.0,0.0025549052038232717,251,0,False,False
tqwt_stdValue_dec_24,TQWT,0.0,0.0,550.0,0.22673491360219164,252,0,False,False
Ed2_7_coef,Wavelet,0.0,0.0,550.0,0.0006849541672137673,250,0,False,False
mean_Log_energy,Other,0.0,0.0,550.0,0.4949551877784423,252,0,False,False
Ed2_6_coef,Wavelet,0.0,0.0,550.0,0.0006466165714008894,249,0,False,False
IMF_NSR_SEO,Other,0.0,0.0,550.0,0.05640868112074922,252,0,False,False
Ed2_4_coef,Wavelet,0.0,0.0,550.0,0.0005802483575880375,251,0,False,False
Ed2_3_coef,Wavelet,0.0,0.0,550.0,0.00038648964539507056,249,0,False,False
tqwt_minValue_dec_16,TQWT,0.0,0.0,550.0,0.29678060348071716,251,0,False,False
tqwt_minValue_dec_15,TQWT,0.0,0.0,550.0,0.24811848866743508,252,0,False,False
tqwt_minValue_dec_14,TQWT,0.0,0.0,550.0,0.20494746324309532,252,0,False,False
Ed2_2_coef,Wavelet,0.0,0.0,550.0,0.00033655702855034847,250,0,False,False
tqwt_minValue_dec_10,TQWT,0.0,0.0,550.0,0.05220506933656281,252,0,False,False
Ed2_1_coef,Wavelet,0.0,0.0,550.0,0.00033076603120200867,250,0,False,False
tqwt_minValue_dec_8,TQWT,0.0,0.0,550.0,0.04202652742883993,252,0,False,False
tqwt_minValue_dec_7,TQWT,0.0,0.0,550.0,0.034138027421739936,252,0,False,False
tqwt_minValue_dec_6,TQWT,0.0,0.0,550.0,0.042630483332259286,252,0,False,False
tqwt_minValue_dec_5,TQWT,0.0,0.0,550.0,0.03950061543458402,252,0,False,False
tqwt_minValue_dec_32,TQWT,0.0,0.0,550.0,0.15092879378741403,252,0,False,False
Ea2,Other,0.0,0.0,550.0,0.010452061287612422,84,0,False,False
tqwt_minValue_dec_30,TQWT,0.0,0.0,550.0,0.17457345753800785,252,0,False,False
tqwt_minValue_dec_29,TQWT,0.0,0.0,550.0,0.283886212933,252,0,False,False
tqwt_minValue_dec_28,TQWT,0.0,0.0,550.0,0.4198789368158636,252,0,False,False
tqwt_minValue_dec_27,TQWT,0.0,0.0,550.0,0.5534709453582196,252,0,False,False
tqwt_minValue_dec_25,TQWT,0.0,0.0,550.0,0.5272004200418894,251,0,False,False
tqwt_minValue_dec_24,TQWT,0.0,0.0,550.0,0.44443205972463595,252,0,False,False
tqwt_minValue_dec_23,TQWT,0.0,0.0,550.0,0.3135075363911852,251,0,False,False
app_TKEO_std_10_coef,Other,0.0,0.0,550.0,6817611.612097012,252,0,False,False
tqwt_minValue_dec_20,TQWT,0.0,0.0,550.0,0.25677283211786656,252,0,False,False
app_TKEO_std_9_coef,Other,0.0,0.0,550.0,3419122.474055903,252,0,False,False
tqwt_minValue_dec_18,TQWT,0.0,0.0,550.0,0.366272150969383,252,0,False,False
app_TKEO_std_8_coef,Other,0.0,0.0,550.0,1720694.3513213054,252,0,False,False
mean_MFCC_4th_coef,MFCC,0.0,0.0,550.0,1.2302859377972768,252,0,False,False
app_TKEO_std_7_coef,Other,0.0,0.0,550.0,853984.8571557509,252,0,False,False
tqwt_maxValue_dec_15,TQWT,0.0,0.0,550.0,0.24947376123586082,251,0,False,False
app_TKEO_std_6_coef,Other,0.0,0.0,550.0,415618.74467891,252,0,False,False
tqwt_maxValue_dec_13,TQWT,0.0,0.0,550.0,0.14673285248845624,252,0,False,False
tqwt_maxValue_dec_10,TQWT,0.0,0.0,550.0,0.051509879198250896,252,0,False,False
tqwt_maxValue_dec_9,TQWT,0.0,0.0,550.0,0.048673329260972086,252,0,False,False
tqwt_maxValue_dec_8,TQWT,0.0,0.0,550.0,0.04173364283330132,252,0,False,False
tqwt_maxValue_dec_7,TQWT,0.0,0.0,550.0,0.03443987980040896,252,0,False,False
tqwt_maxValue_dec_6,TQWT,0.0,0.0,550.0,0.0419294570171402,252,0,False,False
tqwt_maxValue_dec_5,TQWT,0.0,0.0,550.0,0.03956306555114057,252,0,False,False
tqwt_maxValue_dec_4,TQWT,0.0,0.0,550.0,0.029562005584630253,252,0,False,False
tqwt_maxValue_dec_3,TQWT,0.0,0.0,550.0,0.022590035115940946,252,0,False,False
tqwt_maxValue_dec_2,TQWT,0.0,0.0,550.0,0.01786306573867208,252,0,False,False
tqwt_minValue_dec_36,TQWT,0.0,0.0,550.0,0.31946844072994324,252,0,False,False
tqwt_minValue_dec_35,TQWT,0.0,0.0,550.0,0.12801461444217407,252,0,False,False
tqwt_minValue_dec_34,TQWT,0.0,0.0,550.0,0.13055676225291413,252,0,False,False
tqwt_minValue_dec_33,TQWT,0.0,0.0,550.0,0.14290641746794783,252,0,False,False
tqwt_maxValue_dec_33,TQWT,0.0,0.0,550.0,0.1469994636237887,252,0,False,False
tqwt_maxValue_dec_32,TQWT,0.0,0.0,550.0,0.14613561832840596,252,0,False,False
tqwt_maxValue_dec_30,TQWT,0.0,0.0,550.0,0.1744959569834778,252,0,False,False
tqwt_maxValue_dec_29,TQWT,0.0,0.0,550.0,0.2866401063765597,252,0,False,False
tqwt_maxValue_dec_28,TQWT,0.0,0.0,550.0,0.4188067134113114,252,0,False,False
tqwt_stdValue_dec_9,TQWT,0.0,0.0,550.0,0.009246586024190108,252,0,False,False
tqwt_maxValue_dec_26,TQWT,0.0,0.0,550.0,0.5518151326915535,252,0,False,False
tqwt_maxValue_dec_25,TQWT,0.0,0.0,550.0,0.5277268211376133,252,0,False,False
tqwt_maxValue_dec_24,TQWT,0.0,0.0,550.0,0.4441276966307492,252,0,False,False
tqwt_maxValue_dec_23,TQWT,0.0,0.0,550.0,0.3118352790250378,252,0,False,False
tqwt_maxValue_dec_22,TQWT,0.0,0.0,550.0,0.23748824109273264,252,0,False,False
det_LT_entropy_log_8_coef,Wavelet,0.0,0.0,550.0,28.734486982956838,252,0,False,False
tqwt_maxValue_dec_19,TQWT,0.0,0.0,550.0,0.32607518601693974,252,0,False,False
tqwt_maxValue_dec_18,TQWT,0.0,0.0,550.0,0.3670859660530976,252,0,False,False
det_LT_entropy_log_7_coef,Wavelet,0.0,0.0,550.0,29.422365609891024,252,0,False,False
tqwt_maxValue_dec_16,TQWT,0.0,0.0,550.0,0.2975298821726901,252,0,False,False
det_LT_entropy_log_6_coef,Wavelet,0.0,0.0,550.0,29.37533784122763,252,0,False,False
tqwt_skewnessValue_dec_18,TQWT,0.0,0.0,550.0,0.00551526587646374,252,0,False,False
tqwt_skewnessValue_dec_17,TQWT,0.0,0.0,550.0,0.009253870865870895,252,0,False,False
tqwt_skewnessValue_dec_16,TQWT,0.0,0.0,550.0,0.007078873768756404,251,0,False,False
det_LT_entropy_log_5_coef,Wavelet,0.0,0.0,550.0,32.58905580614042,252,0,False,False
det_LT_entropy_log_4_coef,Wavelet,0.0,0.0,550.0,40.65795745562928,252,0,False,False
det_LT_entropy_log_3_coef,Wavelet,0.0,0.0,550.0,59.967573934539,252,0,False,False
tqwt_skewnessValue_dec_7,TQWT,0.0,0.0,550.0,0.18601455148778326,252,0,False,False
tqwt_skewnessValue_dec_6,TQWT,0.0,0.0,550.0,0.6743515254829818,252,0,False,False
tqwt_skewnessValue_dec_5,TQWT,0.0,0.0,550.0,0.05883217930980855,252,0,False,False
tqwt_skewnessValue_dec_4,TQWT,0.0,0.0,550.0,1.0962446513904507,252,0,False,False
det_LT_entropy_log_2_coef,Wavelet,0.0,0.0,550.0,101.98789669191721,252,0,False,False
det_LT_entropy_log_1_coef,Wavelet,0.0,0.0,550.0,188.46247531121796,252,0,False,False
tqwt_maxValue_dec_36,TQWT,0.0,0.0,550.0,0.3344106425254753,252,0,False,False
tqwt_maxValue_dec_35,TQWT,0.0,0.0,550.0,0.13238998519483441,252,0,False,False
tqwt_maxValue_dec_34,TQWT,0.0,0.0,550.0,0.13240530031654213,252,0,False,False
VFER_NSR_TKEO,Other,0.0,0.0,550.0,0.06722702716110025,249,0,False,False
det_LT_entropy_shannon_8_coef,Wavelet,0.0,0.0,550.0,35.79236447743952,252,0,False,False
det_LT_entropy_shannon_6_coef,Wavelet,0.0,0.0,550.0,4.678852499712952,252,0,False,False
VFER_std,Other,0.0,0.0,550.0,0.001668399986654827,252,0,False,False
VFER_mean,Other,0.0,0.0,550.0,0.002290384179564767,252,0,False,False
GNE_NSR_TKEO,Nonlinear,0.0,0.0,550.0,0.05844113691032307,250,0,False,False
GNE_SNR_SEO,Nonlinear,0.0,0.0,550.0,267230.0420958209,252,0,False,False
det_LT_entropy_shannon_2_coef,Wavelet,0.0,0.0,550.0,0.8510823382048751,252,0,False,False
GNE_std,Nonlinear,0.0,0.0,550.0,0.11133228880725785,252,0,False,False
GNE_mean,Nonlinear,0.0,0.0,550.0,0.3208760296117019,252,0,False,False
GQ_std_cycle_closed,Other,0.0,0.0,550.0,5.317963214236612,161,0,False,False
GQ_std_cycle_open,Other,0.0,0.0,550.0,26.508550268314643,252,0,False,False
GQ_prc5_95,Other,0.0,0.0,550.0,0.10066992574016731,159,0,False,False
tqwt_skewnessValue_dec_23,TQWT,0.0,0.0,550.0,0.006728684872710859,252,0,False,False
det_LT_entropy_shannon_1_coef,Wavelet,0.0,0.0,550.0,0.9127505560420636,252,0,False,False
det_LT_TKEO_std_4_coef,Wavelet,0.0,0.0,550.0,0.1409583855159422,252,0,False,False
det_LT_TKEO_std_2_coef,Wavelet,0.0,0.0,550.0,0.04557247351422013,251,0,False,False
tqwt_kurtosisValue_dec_28,TQWT,0.0,0.0,550.0,35.45120028460854,251,0,False,False
det_LT_TKEO_mean_10_coef,Wavelet,0.0,0.0,550.0,1.9008236715628353,252,0,False,False
det_LT_TKEO_mean_9_coef,Wavelet,0.0,0.0,550.0,0.1352110895265623,252,0,False,False
det_LT_TKEO_mean_8_coef,Wavelet,0.0,0.0,550.0,0.908279690819786,252,0,False,False
tqwt_kurtosisValue_dec_22,TQWT,0.0,0.0,550.0,0.6369587862876196,252,0,False,False
tqwt_kurtosisValue_dec_21,TQWT,0.0,0.0,550.0,0.6669396793436599,252,0,False,False
apq5Shimmer,Shimmer,0.0,0.0,550.0,0.023697910591854162,250,0,False,False
apq3Shimmer,Shimmer,0.0,0.0,550.0,0.019393021305727412,251,0,False,False
locDbShimmer,Shimmer,0.0,0.0,550.0,0.33375170794214315,244,0,False,False
det_LT_TKEO_mean_7_coef,Wavelet,0.0,0.0,550.0,0.1971142130312562,252,0,False,False
det_LT_TKEO_mean_4_coef,Wavelet,0.0,0.0,550.0,0.07659756431542677,252,0,False,False
rapJitter,Jitter,0.0,0.0,550.0,0.000883847547080086,184,0,False,False
det_LT_TKEO_mean_3_coef,Wavelet,0.0,0.0,550.0,0.039427929182060624,252,0,False,False
stdDevPeriodPulses,Other,0.0,0.0,550.0,0.0005330818070701856,249,0,False,False
f2,Formant / Bandwidth,0.0,0.0,550.0,158.40476961317108,252,0,False,False
det_LT_TKEO_mean_2_coef,Wavelet,0.0,0.0,550.0,0.01685777429077884,245,0,False,False
meanIntensity,Intensity,0.0,0.0,550.0,6.877177102762645,252,0,False,False
maxIntensity,Intensity,0.0,0.0,550.0,6.276421175841767,252,0,False,False
minIntensity,Intensity,0.0,0.0,550.0,8.465378932466471,252,0,False,False
meanHarmToNoiseHarmonicity,HNR / Harmonicity,0.0,0.0,550.0,5.202318210405596,252,0,False,False
det_LT_TKEO_mean_1_coef,Wavelet,0.0,0.0,550.0,0.010461076348971884,247,0,False,False
det_LT_entropy_log_10_coef,Wavelet,0.0,0.0,550.0,31.062865741518877,252,0,False,False
ddaShimmer,Shimmer,0.0,0.0,550.0,0.05817878432096385,252,0,False,False
tqwt_kurtosisValue_dec_3,TQWT,0.0,0.0,550.0,1199.8257100520125,252,0,False,False
det_LT_entropy_log_9_coef,Wavelet,0.0,0.0,550.0,29.848637668950882,252,0,False,False
app_LT_entropy_shannon_10_coef,Wavelet,0.0,0.0,550.0,472967.55188512575,252,0,False,False
tqwt_skewnessValue_dec_32,TQWT,0.0,0.0,550.0,0.7317526603651772,252,0,False,False
tqwt_skewnessValue_dec_31,TQWT,0.0,0.0,550.0,0.7303213715053664,252,0,False,False
app_LT_entropy_shannon_9_coef,Wavelet,0.0,0.0,550.0,221834.46388720383,252,0,False,False
app_LT_entropy_shannon_8_coef,Wavelet,0.0,0.0,550.0,103599.9264631474,252,0,False,False
tqwt_maxValue_dec_27,TQWT,0.0,0.0,550.0,0.5523019771545825,252,0,False,False
