feature,category,tree_importance_mean,tree_importance_std,subject_level_std,subject_level_unique_count,subject_level_missing_count,is_constant,is_near_constant
std_delta_delta_log_energy,Delta / Delta-delta,0.006895918526859166,0.0025417419751887246,0.007949844354702586,251,0,False,False
tqwt_kurtosisValue_dec_26,TQWT,0.006823667376210013,0.0023687740683990843,38.412282103906236,250,0,False,False
tqwt_minValue_dec_12,TQWT,0.006314008138996981,0.0017900981093541383,0.08771895730578913,252,0,False,False
std_9th_delta_delta,Delta / Delta-delta,0.0061206080807831575,0.00099808704992045,0.004621840252114953,252,0,False,False
tqwt_kurtosisValue_dec_27,TQWT,0.005693862482730949,0.0019357540306944724,37.08850984852903,251,0,False,False
tqwt_minValue_dec_11,TQWT,0.005583767334117623,0.001667278125895201,0.05930434994079044,252,0,False,False
mean_MFCC_2nd_coef,MFCC,0.005431947073541554,0.0017505392215847087,1.6008244386502515,251,0,False,False
tqwt_maxValue_dec_12,TQWT,0.0054239420591614676,0.0011682937995799749,0.08766160599587049,252,0,False,False
std_delta_log_energy,Delta / Delta-delta,0.005276407895302001,0.001964993290538262,0.02573179818241642,252,0,False,False
tqwt_TKEO_std_dec_12,TQWT,0.005205633367260978,0.001592754990940121,0.0036730653855481885,252,0,False,False
tqwt_stdValue_dec_12,TQWT,0.005066194027629423,0.001301006103480226,0.027526241639717116,252,0,False,False
std_8th_delta,Delta / Delta-delta,0.004999015367742389,0.0012662580524394735,0.009980204270499638,252,0,False,False
tqwt_entropy_shannon_dec_12,TQWT,0.0048860279042451694,0.0010646040345952505,189.06706093962842,252,0,False,False
std_6th_delta_delta,Delta / Delta-delta,0.004805861642829465,0.0007516088268099283,0.006211563348181346,252,0,False,False
tqwt_energy_dec_12,TQWT,0.004770760689358114,0.0014893902193544764,0.011263559896773849,252,0,False,False
std_8th_delta_delta,Delta / Delta-delta,0.0047352700195450945,0.0011586248430087405,0.00461733108569369,252,0,False,False
std_9th_delta,Delta / Delta-delta,0.004703828848728009,0.0003756775721606621,0.009858824007424775,252,0,False,False
tqwt_maxValue_dec_11,TQWT,0.004533399793169336,0.0008426002452208636,0.05724136723373308,252,0,False,False
tqwt_entropy_shannon_dec_11,TQWT,0.004492973268193884,0.001610290901688824,71.19574580501374,252,0,False,False
std_10th_delta_delta,Delta / Delta-delta,0.0044824529729040555,0.0009564766242030279,0.004764361229370594,252,0,False,False
tqwt_TKEO_std_dec_11,TQWT,0.004470460609530726,0.0016328919411038826,0.0016180764896734144,252,0,False,False
tqwt_stdValue_dec_11,TQWT,0.0044519159512144526,0.0012128990634742794,0.0132697113858547,252,0,False,False
std_6th_delta,Delta / Delta-delta,0.004435416417629627,0.0008679689793843899,0.01316788492577514,252,0,False,False
tqwt_kurtosisValue_dec_36,TQWT,0.0043537085297502874,0.0018467927592392874,29.402826898739306,252,0,False,False
std_7th_delta,Delta / Delta-delta,0.004278284542742018,0.001190081496210748,0.011828916751884024,252,0,False,False
tqwt_TKEO_mean_dec_12,TQWT,0.0042335137306610746,0.0009623398340217506,0.004459978380606668,252,0,False,False
std_7th_delta_delta,Delta / Delta-delta,0.00414867323311018,0.0009240037443128924,0.005503259858658112,251,0,False,False
std_10th_delta,Delta / Delta-delta,0.0038140062787381163,0.0008287323192214485,0.010080985566828982,252,0,False,False
tqwt_maxValue_dec_13,TQWT,0.003652173072379754,0.0010031686369119561,0.14673285248845624,252,0,False,False
tqwt_entropy_log_dec_12,TQWT,0.0036100870133002156,0.000702736801701185,40196.01688188994,252,0,False,False
tqwt_entropy_log_dec_27,TQWT,0.003400952767288124,0.000399469618779966,3943.004753145414,252,0,False,False
tqwt_energy_dec_11,TQWT,0.00337954960437439,0.0007667607343898927,0.005671576828616317,252,0,False,False
tqwt_entropy_shannon_dec_13,TQWT,0.00334098317833978,0.0008149839731518043,351.7856662680903,252,0,False,False
tqwt_minValue_dec_13,TQWT,0.0031999991547089434,0.0008161860142073042,0.14875148581775408,252,0,False,False
std_11th_delta_delta,Delta / Delta-delta,0.0031129382116999197,0.0004887938089680634,0.0039336276621706155,250,0,False,False
tqwt_entropy_log_dec_26,TQWT,0.003044632164896324,0.0009376836471238855,4478.311167618668,252,0,False,False
tqwt_entropy_log_dec_35,TQWT,0.003038628683712643,0.001270403029248958,718.2643483755425,252,0,False,False
std_12th_delta,Delta / Delta-delta,0.0030193087322440766,0.0005997324840528269,0.008286445446454242,252,0,False,False
tqwt_meanValue_dec_36,TQWT,0.0029960950018095836,0.001038125504891851,0.007196318312881078,252,0,False,False
tqwt_entropy_log_dec_11,TQWT,0.002993070401365598,0.0006501900982388733,43594.07966711276,252,0,False,False
apq11Shimmer,Shimmer,0.0029881345483136765,0.0008789344468956382,0.028503556830923312,250,0,False,False
tqwt_energy_dec_15,TQWT,0.002974264504050114,0.0006899739098281898,0.04869269130014433,252,0,False,False
std_11th_delta,Delta / Delta-delta,0.0028967366881141043,0.00031861643230095667,0.00861699706466596,250,0,False,False
tqwt_kurtosisValue_dec_35,TQWT,0.0028273347419942065,0.0008739894045667435,11.497168524908826,252,0,False,False
tqwt_TKEO_std_dec_13,TQWT,0.0027562953595642145,0.0009867488721179585,0.013966863816000688,252,0,False,False
std_12th_delta_delta,Delta / Delta-delta,0.0025812399641355183,0.0007626369062816814,0.003797504165142989,251,0,False,False
tqwt_TKEO_mean_dec_11,TQWT,0.0025719100800321772,0.0009385562765133994,0.0011949459105969399,252,0,False,False
tqwt_stdValue_dec_13,TQWT,0.002552891715789606,0.000844087289989978,0.05097187883501582,252,0,False,False
tqwt_entropy_shannon_dec_16,TQWT,0.0024767903454447704,0.0007106536592117036,504.9913671327967,252,0,False,False
std_4th_delta,Delta / Delta-delta,0.002441560356216487,0.0008302028143917275,0.01688251716114789,252,0,False,False
tqwt_maxValue_dec_10,TQWT,0.0024202454163818944,0.0003995505793760157,0.051509879198250896,252,0,False,False
tqwt_TKEO_mean_dec_13,TQWT,0.0024069791565391628,0.0005669454679030002,0.021324691875387308,252,0,False,False
tqwt_entropy_shannon_dec_17,TQWT,0.002360860664853045,0.001235174340048962,475.37680090506956,252,0,False,False
tqwt_entropy_log_dec_33,TQWT,0.002360571922945357,0.0004723964990086896,864.6311079543106,252,0,False,False
tqwt_entropy_shannon_dec_34,TQWT,0.0023117659432059677,0.0005390750464350516,5.328345081904087,252,0,False,False
std_Log_energy,Other,0.0023057463703023244,0.0010023660756123152,0.2700060997565047,252,0,False,False
tqwt_medianValue_dec_12,TQWT,0.0022951985826165323,0.0005019175377740562,4.1909526755997594e-05,252,0,False,False
tqwt_kurtosisValue_dec_28,TQWT,0.0022805021313739384,0.00027482630666768223,35.45120028460854,251,0,False,False
tqwt_kurtosisValue_dec_34,TQWT,0.0022776556372992355,0.0007741859964220947,12.349700187161492,252,0,False,False
std_4th_delta_delta,Delta / Delta-delta,0.0022706156844621876,0.0005223462998544858,0.008523407440141632,252,0,False,False
mean_2nd_delta,Delta / Delta-delta,0.00226895640666748,0.0005668340172595177,0.0034419352490476425,252,0,False,False
std_5th_delta,Delta / Delta-delta,0.0022540517528788205,0.0007946809173939542,0.01534071838788841,252,0,False,False
std_MFCC_8th_coef,MFCC,0.0022529565051776224,0.0006140855505346127,0.07004229749779552,252,0,False,False
tqwt_minValue_dec_10,TQWT,0.002215355620134964,0.00026674469878929603,0.05220506933656281,252,0,False,False
tqwt_TKEO_std_dec_10,TQWT,0.0022120483179650903,0.0005509438894633747,0.0011223679414086017,250,0,False,False
tqwt_stdValue_dec_10,TQWT,0.002190932314617178,0.0010246850417311437,0.010656595711654325,252,0,False,False
tqwt_skewnessValue_dec_28,TQWT,0.0021904923441331057,0.0004273639958573573,1.0961963285777472,252,0,False,False
tqwt_energy_dec_18,TQWT,0.0021674572921831304,0.00031370219871735313,0.08370314679160336,252,0,False,False
tqwt_medianValue_dec_8,TQWT,0.002159351300660569,0.0004612450098223461,1.427161239380174e-05,250,0,False,False
tqwt_stdValue_dec_9,TQWT,0.0021480979145093895,0.0006468582481091105,0.009246586024190108,252,0,False,False
tqwt_energy_dec_13,TQWT,0.002147844680107306,0.0005078019261363451,0.02702087895035819,252,0,False,False
tqwt_maxValue_dec_7,TQWT,0.002140924480894953,0.00047566884643527544,0.03443987980040896,252,0,False,False
tqwt_stdValue_dec_16,TQWT,0.002139233248817824,0.0008206835343121822,0.11810264475912499,252,0,False,False
tqwt_entropy_log_dec_34,TQWT,0.0021351055713728874,0.0009631574717898985,800.7077750855331,252,0,False,False
tqwt_medianValue_dec_36,TQWT,0.0021195281633407765,0.000604887036777584,0.0073888910563004425,251,0,False,False
tqwt_skewnessValue_dec_27,TQWT,0.002097504848291185,0.0002107654629817227,0.9634290935928078,252,0,False,False
tqwt_TKEO_mean_dec_33,TQWT,0.002095420641664385,0.000131275349194222,0.08092436975875965,251,0,False,False
b4,Formant / Bandwidth,0.0020665907665771625,0.0005639761341738589,417.1509956335488,252,0,False,False
mean_delta_log_energy,Delta / Delta-delta,0.002056767837847627,0.0004760882332069954,0.0038365898807469654,252,0,False,False
tqwt_stdValue_dec_33,TQWT,0.0020551990875630013,0.0005189959497282773,0.05442805797147073,252,0,False,False
tqwt_entropy_shannon_dec_15,TQWT,0.002052359417908578,0.0007522146016989018,450.7331351833436,252,0,False,False
numPulses,Other,0.0020476489473914513,0.0006358523462936287,93.04319146311943,225,0,False,False
tqwt_entropy_shannon_dec_33,TQWT,0.002038190901662906,0.0007436838313693286,18.265499094830542,252,0,False,False
tqwt_stdValue_dec_6,TQWT,0.0020121591127963473,0.0004603987633626336,0.005106525370576986,252,0,False,False
tqwt_stdValue_dec_17,TQWT,0.002004149797475714,0.0009035180670701188,0.14776247425887795,252,0,False,False
app_LT_TKEO_mean_4_coef,Wavelet,0.0019867727232413474,0.0005170776395667387,3.5152078680658954,252,0,False,False
std_5th_delta_delta,Delta / Delta-delta,0.001983987694384271,0.0008751326759112,0.007415900081372007,252,0,False,False
tqwt_stdValue_dec_18,TQWT,0.001977861923230374,0.00020612603025035587,0.16339417313260926,252,0,False,False
mean_MFCC_3rd_coef,MFCC,0.0019663540791209294,0.0004462290145268959,1.5857431583700954,251,0,False,False
tqwt_entropy_log_dec_16,TQWT,0.0019565504604516252,0.0006904056462052803,17673.043732044047,252,0,False,False
tqwt_entropy_log_dec_13,TQWT,0.001953983975163334,0.00045217812390919407,31805.699008352247,252,0,False,False
DFA,Nonlinear,0.0019496150304872714,0.0008022414234653086,0.06616222630518774,251,0,False,False
app_LT_TKEO_mean_7_coef,Wavelet,0.0019380793607082461,0.0004905510530867889,44.00791329708279,252,0,False,False
app_LT_TKEO_mean_5_coef,Wavelet,0.0019327251653275049,0.000602154789015981,8.904619618096758,252,0,False,False
tqwt_minValue_dec_7,TQWT,0.001929851317629496,0.00041344648657256066,0.034138027421739936,252,0,False,False
tqwt_medianValue_dec_22,TQWT,0.001921308324147366,0.0004676139392436981,0.0008950049453173759,251,0,False,False
std_MFCC_6th_coef,MFCC,0.0019137440708308713,0.0006061778833714705,0.10618404146703034,251,0,False,False
tqwt_TKEO_std_dec_14,TQWT,0.0019120386721904255,0.0006110695078616543,0.026646785376021165,252,0,False,False
tqwt_medianValue_dec_31,TQWT,0.0019031148229333567,0.0007451660320233767,0.0009383105204714493,252,0,False,False
tqwt_medianValue_dec_34,TQWT,0.0019030254620873502,0.00035387018515544187,0.0012253388168876138,252,0,False,False
det_LT_entropy_shannon_4_coef,Wavelet,0.001900613385035138,0.0008162805042729856,1.4484434094582428,252,0,False,False
tqwt_stdValue_dec_15,TQWT,0.0018986985466319232,0.0005067527686836329,0.08670107088793993,252,0,False,False
tqwt_stdValue_dec_7,TQWT,0.0018838183370446068,0.000660236428329149,0.005576135344642032,252,0,False,False
app_LT_TKEO_mean_3_coef,Wavelet,0.0018829452638832607,0.0006646010294446307,1.270521749922571,252,0,False,False
tqwt_entropy_shannon_dec_10,TQWT,0.0018749879332841217,0.0006375798745652197,56.14042510809983,252,0,False,False
tqwt_skewnessValue_dec_8,TQWT,0.0018617338592432646,0.0004176835365534025,0.021672094071865215,252,0,False,False
tqwt_energy_dec_6,TQWT,0.001849289068078548,0.0004091474784518445,0.0033658305622442626,251,0,False,False
app_entropy_shannon_9_coef,Wavelet,0.001830626002149164,0.0004231298872381121,2599601571.9418774,252,0,False,False
tqwt_medianValue_dec_33,TQWT,0.0018277576454542141,0.00038669521157557384,0.0011301066339528174,252,0,False,False
tqwt_entropy_log_dec_28,TQWT,0.0018240638587191664,0.00034531870218800214,2951.1453926890817,252,0,False,False
tqwt_maxValue_dec_6,TQWT,0.0018144979290045202,0.0003865453025984505,0.0419294570171402,252,0,False,False
tqwt_TKEO_mean_dec_7,TQWT,0.0018044244597150635,0.00047462695045831347,0.0002747427165832224,250,0,False,False
VFER_entropy,Wavelet,0.0017924486083006588,0.0007301296487273784,5.5602092755846835,252,0,False,False
tqwt_skewnessValue_dec_21,TQWT,0.0017894031772331554,0.0005377539802525069,0.00664897571309784,252,0,False,False
tqwt_energy_dec_7,TQWT,0.0017887611320995273,0.0005424244844723568,0.002136437650228028,251,0,False,False
tqwt_entropy_log_dec_6,TQWT,0.001780922420995824,0.0006723758787049703,139150.74732308698,252,0,False,False
numPeriodsPulses,Other,0.0017804389345653236,0.0006226482048675088,93.21443248710368,223,0,False,False
tqwt_maxValue_dec_14,TQWT,0.0017776530318517835,0.00042100545629236377,0.20511170843624107,252,0,False,False
tqwt_skewnessValue_dec_6,TQWT,0.0017706372801775758,0.00047319151992688326,0.6743515254829818,252,0,False,False
tqwt_TKEO_mean_dec_32,TQWT,0.001769893419157274,0.0005381746130372139,0.07798499906459037,252,0,False,False
GNE_NSR_TKEO,Nonlinear,0.0017663184123097452,0.00032097109433388107,0.05844113691032307,250,0,False,False
minIntensity,Intensity,0.0017643289569390485,0.00047410402255988873,8.465378932466471,252,0,False,False
GNE_NSR_SEO,Nonlinear,0.0017627158177831365,0.00042860724370809327,0.032493557622828045,237,0,False,False
app_det_TKEO_mean_10_coef,Other,0.0017626456211140683,0.0005526621285141923,2584225.076174469,252,0,False,False
app_LT_TKEO_mean_6_coef,Wavelet,0.0017584237225182475,0.00045720879257099003,20.75967101140491,252,0,False,False
mean_MFCC_6th_coef,MFCC,0.0017511922179330823,0.0004380865800508802,0.7931158759691571,252,0,False,False
tqwt_energy_dec_26,TQWT,0.0017419456680104737,0.0005486576305139969,0.07920539541597234,252,0,False,False
tqwt_minValue_dec_14,TQWT,0.0017360268831666907,0.0003847706964711211,0.20494746324309532,252,0,False,False
IMF_NSR_TKEO,Other,0.0017357905170368292,0.0003246276977405107,8.069920087947933,252,0,False,False
app_entropy_shannon_1_coef,Wavelet,0.001735633329335665,0.000501551440049329,51072727.349912755,252,0,False,False
tqwt_energy_dec_10,TQWT,0.001733696936601597,0.00047746476218304675,0.005883157333919306,252,0,False,False
app_det_TKEO_mean_5_coef,Other,0.0017324872340049244,0.0006607322639227886,62600.084718429505,252,0,False,False
tqwt_energy_dec_16,TQWT,0.0017272405394785188,0.0004947393769412872,0.07000065783950658,252,0,False,False
tqwt_TKEO_std_dec_19,TQWT,0.0017255221994680763,0.00011486520077445059,0.08996087995660593,252,0,False,False
tqwt_medianValue_dec_16,TQWT,0.0017236786444990732,0.0008684285187703041,0.00044283047063248634,178,0,False,False
tqwt_energy_dec_14,TQWT,0.0017236464982428347,0.00038574342059412726,0.03765024376008143,252,0,False,False
app_LT_TKEO_std_4_coef,Wavelet,0.0017182801290485604,0.0006063174668330976,11.926963192750385,252,0,False,False
tqwt_entropy_shannon_dec_8,TQWT,0.0017181425428845372,0.0005475620842199337,51.95999216332677,252,0,False,False
tqwt_entropy_log_dec_1,TQWT,0.0017181051559342394,0.0003229622249446325,274780.58555136004,252,0,False,False
tqwt_minValue_dec_6,TQWT,0.0017088777842246324,0.00030546831313277685,0.042630483332259286,252,0,False,False
tqwt_medianValue_dec_19,TQWT,0.0017056301679018934,0.0004007564165665166,0.0024037473018188194,252,0,False,False
tqwt_TKEO_mean_dec_6,TQWT,0.0017028906195403158,0.00032111796471893326,0.00038413855101637095,250,0,False,False
tqwt_skewnessValue_dec_3,TQWT,0.0017021687428958143,0.00038286509774885033,0.09681189419714974,252,0,False,False
tqwt_TKEO_std_dec_9,TQWT,0.001695839738004134,0.0005819936817449408,0.0008804294257906022,252,0,False,False
app_entropy_log_9_coef,Wavelet,0.0016927423387817294,0.0005020726114994324,8.039293069104843,252,0,False,False
tqwt_maxValue_dec_5,TQWT,0.0016920045381919064,0.00037231776353083843,0.03956306555114057,252,0,False,False
tqwt_medianValue_dec_17,TQWT,0.001691150181621226,0.00043514995141178856,0.0006173277965498204,178,0,False,False
tqwt_skewnessValue_dec_23,TQWT,0.001688152246269908,0.0003428369975315694,0.006728684872710859,252,0,False,False
tqwt_TKEO_mean_dec_18,TQWT,0.0016879888258925658,0.0004462592570009979,0.204714503716906,252,0,False,False
app_LT_entropy_shannon_7_coef,Wavelet,0.0016819347933199624,0.000449069252390539,51314.1546359014,252,0,False,False
tqwt_entropy_shannon_dec_9,TQWT,0.0016804917186175987,0.00038971061334838313,49.48519945214094,252,0,False,False
app_entropy_shannon_7_coef,Wavelet,0.0016799939405997082,0.00041603926028679856,640002629.863295,252,0,False,False
app_LT_TKEO_std_3_coef,Wavelet,0.0016798515267393587,0.000432879960563744,5.06692392701911,252,0,False,False
app_TKEO_std_10_coef,Other,0.0016735699428584254,0.0004256901131359457,6817611.612097012,252,0,False,False
app_LT_TKEO_std_10_coef,Wavelet,0.0016731262793774123,0.00033845637843655217,986.8164979127004,252,0,False,False
tqwt_kurtosisValue_dec_18,TQWT,0.0016728344591713823,0.0005707446592605106,0.9505442648065496,252,0,False,False
app_det_TKEO_mean_4_coef,Other,0.001670868018376207,0.000795838185771979,24624.79085644874,252,0,False,False
GNE_SNR_TKEO,Nonlinear,0.0016695166442972837,0.0005659653491693166,0.053902961034314835,252,0,False,False
app_LT_TKEO_std_7_coef,Wavelet,0.001668032800651464,0.0004144015200718122,119.91111670886181,252,0,False,False
tqwt_TKEO_std_dec_15,TQWT,0.0016613311916694677,0.0005477453128024542,0.03855104642998892,252,0,False,False
app_entropy_shannon_2_coef,Wavelet,0.0016608167233121587,0.000559466417531635,60723889.22619018,252,0,False,False
meanPeriodPulses,Other,0.0016600350642730626,0.0005418665001204399,0.0016966578228028895,252,0,False,False
tqwt_TKEO_std_dec_6,TQWT,0.001658134616721172,0.0004198272389803226,0.0012340130173682223,249,0,False,False
app_LT_entropy_shannon_10_coef,Wavelet,0.0016570238900474835,0.0003920922262282572,472967.55188512575,252,0,False,False
tqwt_kurtosisValue_dec_20,TQWT,0.001655614918238268,0.0008738681917300703,0.7375061873366606,250,0,False,False
RPDE,Nonlinear,0.0016508072549693067,0.0007316375122270691,0.126949011671002,252,0,False,False
tqwt_stdValue_dec_8,TQWT,0.0016498905058469813,0.0005126232399776505,0.007812462048681216,252,0,False,False
app_det_TKEO_mean_9_coef,Other,0.0016452089252727638,0.00043696066028243833,1294952.4486313886,252,0,False,False
tqwt_stdValue_dec_34,TQWT,0.001640520928281039,0.0005201501848147147,0.041831552689495,252,0,False,False
tqwt_minValue_dec_19,TQWT,0.0016380564541533063,0.0005901315929720996,0.324530636933468,252,0,False,False
VFER_mean,Other,0.001636866857230325,0.0008188396183377294,0.002290384179564767,252,0,False,False
app_LT_TKEO_std_9_coef,Wavelet,0.001632046327535195,0.0005684511168652819,492.1836280332233,252,0,False,False
tqwt_entropy_shannon_dec_35,TQWT,0.0016315094876041291,0.0002792028758502327,3.910448067496541,252,0,False,False
tqwt_TKEO_std_dec_8,TQWT,0.0016231025433659355,0.0006045898607125331,0.0008635473716248714,250,0,False,False
tqwt_skewnessValue_dec_26,TQWT,0.0016218007380005642,0.0002739861883867073,0.3135179683736586,251,0,False,False
app_LT_TKEO_std_5_coef,Wavelet,0.0016215294140287568,0.0005430466447995065,27.116006503890848,252,0,False,False
app_LT_TKEO_mean_8_coef,Wavelet,0.0016212672125216938,0.0005738874026617379,93.65569631560365,252,0,False,False
f2,Formant / Bandwidth,0.0016168524820758055,0.0006077189219998497,158.40476961317108,252,0,False,False
tqwt_minValue_dec_18,TQWT,0.0016154615014950507,0.0003115993081977124,0.366272150969383,252,0,False,False
std_MFCC_4th_coef,MFCC,0.0016106706999885923,0.0008282754512626329,0.12177525347669915,252,0,False,False
tqwt_energy_dec_19,TQWT,0.0016105106702622046,0.00034553444475753873,0.06864963438808644,252,0,False,False
std_MFCC_12th_coef,MFCC,0.0016092293990097998,0.00023945171731117588,0.05369579516410517,251,0,False,False
app_LT_entropy_shannon_8_coef,Wavelet,0.0016088470444407138,0.0005788479290540341,103599.9264631474,252,0,False,False
tqwt_medianValue_dec_18,TQWT,0.0016086180658923081,0.00029421110511762235,0.0006802083723792346,252,0,False,False
tqwt_energy_dec_17,TQWT,0.0016028403119771704,0.0006027497091934418,0.07676854211793127,252,0,False,False
tqwt_TKEO_mean_dec_10,TQWT,0.0016023920085656603,0.0006728182772371982,0.000805132005962786,252,0,False,False
tqwt_TKEO_std_dec_33,TQWT,0.0016008598227394415,0.000298982113112684,0.057390678879223854,252,0,False,False
app_entropy_log_7_coef,Wavelet,0.001598214037709583,0.0006369763301726592,8.629325730156962,251,0,False,False
std_2nd_delta,Delta / Delta-delta,0.001598092091501396,0.00048302592333445874,0.020026459242586385,252,0,False,False
tqwt_TKEO_mean_dec_17,TQWT,0.0015923805577519959,0.0004809440985860093,0.14550459877359254,252,0,False,False
app_TKEO_std_9_coef,Other,0.0015912672061311893,0.00038162641010485875,3419122.474055903,252,0,False,False
tqwt_entropy_log_dec_17,TQWT,0.0015904473631738604,0.0006537962611309153,14050.771863655384,252,0,False,False
tqwt_kurtosisValue_dec_33,TQWT,0.0015904136082742295,0.00039137638457882666,13.327562626073325,252,0,False,False
std_3rd_delta_delta,Delta / Delta-delta,0.0015895311332164447,0.0006594310005548582,0.009926409969086253,252,0,False,False
tqwt_entropy_shannon_dec_19,TQWT,0.0015868050085228714,0.0006184274685623426,301.9963026806481,252,0,False,False
tqwt_TKEO_mean_dec_16,TQWT,0.0015794852656199833,0.0002693078536997595,0.08585792630812342,252,0,False,False
app_entropy_shannon_5_coef,Wavelet,0.0015769331421961695,0.0005554337228043779,183249497.61009693,252,0,False,False
app_entropy_shannon_10_coef,Wavelet,0.0015736595301515856,0.00022975147814204212,5399508175.997418,252,0,False,False
tqwt_stdValue_dec_14,TQWT,0.001571231721955562,0.0004950124162805675,0.06936795077621087,252,0,False,False
tqwt_TKEO_mean_dec_34,TQWT,0.0015711037978264025,0.000401773569634896,0.018477713690529016,251,0,False,False
app_LT_TKEO_std_2_coef,Wavelet,0.001558403943793424,0.0004286144873852749,2.0817772804861208,251,0,False,False
app_entropy_log_10_coef,Wavelet,0.0015521685687383741,0.0006086562267813118,8.036636521919053,252,0,False,False
tqwt_maxValue_dec_18,TQWT,0.0015509161689087505,0.0004499492779641055,0.3670859660530976,252,0,False,False
tqwt_skewnessValue_dec_35,TQWT,0.0015479292124691837,0.00042687616950240855,0.8513657077666263,252,0,False,False
tqwt_energy_dec_8,TQWT,0.0015460989148741422,0.000483148989839697,0.0028889583979849224,252,0,False,False
tqwt_skewnessValue_dec_24,TQWT,0.001544496921975592,0.0004963667808259819,0.07653505322093752,252,0,False,False
tqwt_TKEO_std_dec_18,TQWT,0.0015407802571377948,0.0003653452592200092,0.109443435964061,251,0,False,False
std_MFCC_7th_coef,MFCC,0.0015404472018393585,0.0002554332038950776,0.07997889892321729,252,0,False,False
tqwt_entropy_log_dec_15,TQWT,0.0015363612236988775,0.0003770925077703539,20714.182230460912,252,0,False,False
tqwt_medianValue_dec_10,TQWT,0.0015345204774152373,0.0003677882551089975,4.833456965949474e-05,251,0,False,False
tqwt_maxValue_dec_9,TQWT,0.0015333403301206292,0.000670533390448444,0.048673329260972086,252,0,False,False
app_entropy_shannon_3_coef,Wavelet,0.001533152088834686,0.0002263779144037604,79414250.991226,252,0,False,False
tqwt_maxValue_dec_8,TQWT,0.0015278055079237754,0.00030902010302781053,0.04173364283330132,252,0,False,False
app_TKEO_std_6_coef,Other,0.001521734754107503,0.0005327120807853306,415618.74467891,252,0,False,False
tqwt_stdValue_dec_35,TQWT,0.0015186663061783005,0.00033958161566517367,0.03868550234345735,252,0,False,False
locDbShimmer,Shimmer,0.00151676404955349,0.000542807879143044,0.33375170794214315,244,0,False,False
app_LT_entropy_log_10_coef,Wavelet,0.0015119756210351999,0.0003789557762461238,1.5792914326292216,251,0,False,False
app_det_TKEO_mean_7_coef,Other,0.0015101502376756388,0.0003509928881197619,306362.1179665382,252,0,False,False
std_3rd_delta,Delta / Delta-delta,0.001507415631233016,0.0005500204837518623,0.020172241969243155,252,0,False,False
tqwt_stdValue_dec_19,TQWT,0.0015063624089379593,0.00016344184057001885,0.14039227117172395,252,0,False,False
tqwt_kurtosisValue_dec_1,TQWT,0.0015058092227854761,0.00046779380593574114,2933.0932231279908,252,0,False,False
tqwt_entropy_shannon_dec_6,TQWT,0.0015055547215314523,0.0004463411763979561,39.06103513593076,251,0,False,False
app_LT_entropy_shannon_4_coef,Wavelet,0.0015052291521704577,0.0005528451939434234,8120.250870731071,252,0,False,False
maxIntensity,Intensity,0.0015044897881526255,0.0004330768565337455,6.276421175841767,252,0,False,False
tqwt_energy_dec_5,TQWT,0.0015009952374929836,0.0003154454692798763,0.004019812151492711,252,0,False,False
tqwt_entropy_log_dec_5,TQWT,0.0014999171971762757,0.00018029931512469704,179239.26646199767,252,0,False,False
tqwt_TKEO_mean_dec_15,TQWT,0.0014941684547486885,0.0004890516541576511,0.04441293764242939,252,0,False,False
app_LT_TKEO_mean_9_coef,Wavelet,0.0014937883796298053,0.00023427055962138425,187.26961396217365,252,0,False,False
app_LT_entropy_shannon_5_coef,Wavelet,0.0014924966053326408,0.0006081271816696144,13618.94038570563,252,0,False,False
tqwt_minValue_dec_8,TQWT,0.001489876624198463,0.0002237411904773142,0.04202652742883993,252,0,False,False
tqwt_energy_dec_33,TQWT,0.0014889416045436106,0.00024176593272237092,0.006074726430650559,251,0,False,False
app_TKEO_std_4_coef,Other,0.0014869323394943747,0.0003182372346738665,86719.79275424565,252,0,False,False
tqwt_skewnessValue_dec_30,TQWT,0.0014859436120412402,0.0004954769385976239,0.19366792697456126,252,0,False,False
app_entropy_shannon_4_coef,Wavelet,0.001482996788230244,0.0004676812762987988,113794989.6304096,252,0,False,False
app_entropy_shannon_6_coef,Wavelet,0.0014763134881778845,0.00035611806377126664,325724603.3137678,252,0,False,False
VFER_SNR_SEO,Other,0.0014743178284993884,0.0003315220771817494,231.88506807905472,252,0,False,False
tqwt_entropy_shannon_dec_32,TQWT,0.0014740829187010042,0.00034077258581679187,24.998693205945607,252,0,False,False
tqwt_maxValue_dec_16,TQWT,0.001473658116472851,0.0005713678165942306,0.2975298821726901,252,0,False,False
app_entropy_shannon_8_coef,Wavelet,0.0014717429265166903,0.0004037637987003051,1249628750.7403083,252,0,False,False
app_entropy_log_6_coef,Wavelet,0.0014704875716200691,0.00030804731702668256,9.221224650121265,252,0,False,False
app_LT_TKEO_std_8_coef,Wavelet,0.0014689684989138128,0.0003004677180632574,247.5167441077149,252,0,False,False
GQ_std_cycle_open,Other,0.001467908890177896,0.0003162812510189004,26.508550268314643,252,0,False,False
app_TKEO_std_7_coef,Other,0.0014649503525951187,0.00024067034213384216,853984.8571557509,252,0,False,False
tqwt_minValue_dec_17,TQWT,0.0014591871644050057,0.000585674267502244,0.3437270452153111,252,0,False,False
tqwt_entropy_shannon_dec_7,TQWT,0.0014547562089272273,0.0005044741566069355,38.32515349909965,252,0,False,False
app_LT_TKEO_mean_2_coef,Wavelet,0.001452960067499389,0.00033766067229509084,0.4389751506707319,251,0,False,False
tqwt_stdValue_dec_31,TQWT,0.0014513426976277763,0.00023302662216936928,0.043658471355994814,252,0,False,False
app_det_TKEO_mean_8_coef,Other,0.0014497269470720756,0.00018407041587986957,648036.7789292771,252,0,False,False
tqwt_medianValue_dec_35,TQWT,0.0014452669619204638,0.0004156467005120532,0.0011533428511042042,252,0,False,False
tqwt_skewnessValue_dec_1,TQWT,0.0014396896543160686,0.00030402368525709776,6.048271192427671,252,0,False,False
app_LT_entropy_shannon_6_coef,Wavelet,0.001439390114661588,0.00037755764939107183,25188.804138729363,252,0,False,False
tqwt_medianValue_dec_15,TQWT,0.0014327457328809265,0.00026575743197643323,0.0010993603289846385,252,0,False,False
tqwt_stdValue_dec_5,TQWT,0.0014301102574029115,0.0005157512277462008,0.004898604406187288,252,0,False,False
tqwt_medianValue_dec_5,TQWT,0.0014266697246447238,0.00040264700109884905,5.694648480784122e-06,179,0,False,False
tqwt_entropy_log_dec_32,TQWT,0.0014266377830901198,0.0003274412150539638,1026.2157738335552,252,0,False,False
tqwt_TKEO_mean_dec_14,TQWT,0.001424912185391651,0.0006298226619621663,0.03320267536759841,252,0,False,False
tqwt_kurtosisValue_dec_17,TQWT,0.0014219005523538736,0.00042944809173943655,1.0193442846923284,252,0,False,False
tqwt_maxValue_dec_19,TQWT,0.0014214739447121723,0.00038490467151138717,0.32607518601693974,252,0,False,False
tqwt_TKEO_std_dec_7,TQWT,0.0014192594001684311,0.0005120017687169053,0.00048603849859965847,251,0,False,False
std_0th_delta,Delta / Delta-delta,0.0014070619621112863,0.0006065564800832112,0.05252641621365371,251,0,False,False
mean_delta_delta_0th,Delta / Delta-delta,0.0014055321898567784,0.00019789537059170466,0.0006857172709620739,252,0,False,False
tqwt_maxValue_dec_17,TQWT,0.001405531015220669,0.000624786103424571,0.3437798151124321,252,0,False,False
tqwt_entropy_log_dec_8,TQWT,0.001403173821785429,0.00018380478799535438,76358.05872555726,252,0,False,False
tqwt_TKEO_mean_dec_9,TQWT,0.0014025437984811675,0.0006010254773102476,0.0005385639703832817,252,0,False,False
tqwt_TKEO_std_dec_5,TQWT,0.0014022395073065147,0.00036251324730078176,0.0008929250605648288,251,0,False,False
app_det_TKEO_mean_6_coef,Other,0.00139998112789661,0.0004805920229476154,145481.27863947806,252,0,False,False
app_LT_TKEO_mean_1_coef,Wavelet,0.0013989362143161748,0.0003625445233742835,0.14122723954393165,251,0,False,False
tqwt_entropy_shannon_dec_14,TQWT,0.0013988474708612091,0.0003151701767341196,423.24859202925586,252,0,False,False
mean_5th_delta,Delta / Delta-delta,0.0013980806174951547,0.00038302536148183204,0.0024609748380686773,252,0,False,False
tqwt_stdValue_dec_26,TQWT,0.001396511803833929,0.000533235174731556,0.2942927823072876,252,0,False,False
tqwt_TKEO_std_dec_34,TQWT,0.0013946181793531532,0.0006740587797931488,0.022363820716976616,252,0,False,False
app_TKEO_std_5_coef,Other,0.0013935362503113397,0.0005616505052937629,194573.1585934497,252,0,False,False
tqwt_kurtosisValue_dec_31,TQWT,0.0013884769876981967,0.00040883958808702177,16.037014732622993,252,0,False,False
tqwt_stdValue_dec_32,TQWT,0.0013874043450059139,0.00015469389762384742,0.05342410890466964,252,0,False,False
app_LT_TKEO_std_1_coef,Wavelet,0.0013855707318041724,0.0002446002816779014,0.8237457785227763,252,0,False,False
tqwt_skewnessValue_dec_36,TQWT,0.001384336330641858,0.000401901879440632,2.7218008265388325,252,0,False,False
tqwt_skewnessValue_dec_14,TQWT,0.0013842265327956682,0.0004033857692636856,0.014718922398993445,252,0,False,False
app_LT_entropy_shannon_3_coef,Wavelet,0.001383257905822269,0.00053206616594258,5414.393480410599,252,0,False,False
app_LT_entropy_shannon_2_coef,Wavelet,0.0013783613685705235,0.00013231426576972211,3919.8348211064304,252,0,False,False
app_entropy_log_4_coef,Wavelet,0.0013779706914639135,0.0003844439576115269,15.456340841359056,252,0,False,False
tqwt_maxValue_dec_1,TQWT,0.0013749526807281958,0.0010161062385481696,0.02605954851684779,252,0,False,False
app_LT_entropy_log_9_coef,Wavelet,0.001367625685381312,0.0003029421302962984,1.5794335207436805,251,0,False,False
mean_MFCC_5th_coef,MFCC,0.0013670944546919828,0.0004465360294751401,0.9970573844583144,252,0,False,False
b3,Formant / Bandwidth,0.0013616807855589713,0.00033568929420662745,501.5005290256684,252,0,False,False
locPctJitter,Jitter,0.0013604620432627731,0.0002453130510727278,0.002380158862540476,226,0,False,False
f1,Formant / Bandwidth,0.0013572763850531158,0.0002655067258049048,128.72116943013583,252,0,False,False
tqwt_skewnessValue_dec_34,TQWT,0.0013557909537978263,0.0003536657272871253,0.8505171788136131,252,0,False,False
app_LT_entropy_shannon_9_coef,Wavelet,0.0013542338304333434,0.0002381006700514346,221834.46388720383,252,0,False,False
tqwt_TKEO_mean_dec_19,TQWT,0.0013512382807574703,0.00026272752629021256,0.16383960169421077,252,0,False,False
tqwt_TKEO_mean_dec_35,TQWT,0.001345671496013191,0.00044049277845505515,0.014486362773584768,251,0,False,False
tqwt_kurtosisValue_dec_23,TQWT,0.0013431238245681114,0.0003154112099251938,1.1538764671335853,251,0,False,False
tqwt_maxValue_dec_26,TQWT,0.001341083499360126,0.00018250830422969827,0.5518151326915535,252,0,False,False
tqwt_minValue_dec_9,TQWT,0.001338754803375087,0.0003676764762391372,0.04884402951438208,252,0,False,False
tqwt_TKEO_std_dec_16,TQWT,0.0013372012660650095,0.00038733045655101007,0.056143849265607025,252,0,False,False
tqwt_medianValue_dec_11,TQWT,0.0013369920869227335,0.00012002077779137327,5.4086610324211245e-05,252,0,False,False
tqwt_minValue_dec_5,TQWT,0.0013342588528340651,0.00012222467580830674,0.03950061543458402,252,0,False,False
tqwt_skewnessValue_dec_11,TQWT,0.0013327337158275114,0.00022378988873596897,0.10805348853098264,252,0,False,False
tqwt_energy_dec_9,TQWT,0.0013320719296556534,0.0006015827970942037,0.003386445185482601,252,0,False,False
tqwt_entropy_log_dec_9,TQWT,0.0013280605028707277,0.00021176694159123842,61088.5487438424,252,0,False,False
tqwt_entropy_log_dec_18,TQWT,0.001327957423604326,0.0005136099663232191,11018.302519649656,252,0,False,False
tqwt_minValue_dec_16,TQWT,0.0013269464591278957,0.00032864056580922293,0.29678060348071716,251,0,False,False
app_entropy_log_8_coef,Wavelet,0.001323196300320301,0.00019973555761500906,8.04021725984981,252,0,False,False
tqwt_entropy_log_dec_14,TQWT,0.0013215416916511882,0.000534311642501725,24818.801790473233,252,0,False,False
VFER_SNR_TKEO,Other,0.0013165729660576271,0.00031421973833799824,114.67886308413287,252,0,False,False
GNE_std,Nonlinear,0.0013131085361486857,0.00010241168806106585,0.11133228880725785,252,0,False,False
tqwt_skewnessValue_dec_25,TQWT,0.0013128158018930955,0.0002761610877571953,0.16733850979797452,252,0,False,False
app_LT_entropy_log_8_coef,Wavelet,0.0013017780201558056,0.0004401055585697672,1.5794703455273882,251,0,False,False
tqwt_skewnessValue_dec_15,TQWT,0.0013012531706010307,0.00030499150328678443,0.019024547247342816,252,0,False,False
tqwt_kurtosisValue_dec_29,TQWT,0.001300747494614267,0.0005966649381778672,25.83958601694459,252,0,False,False
b1,Formant / Bandwidth,0.0012997907726440025,0.00015379531057453985,202.34083173933368,252,0,False,False
tqwt_skewnessValue_dec_9,TQWT,0.0012949600958235199,0.000637666924023147,0.07108983680304838,252,0,False,False
tqwt_medianValue_dec_14,TQWT,0.0012927325459196732,0.00029895519051794414,0.0006031927655959487,252,0,False,False
tqwt_medianValue_dec_21,TQWT,0.0012921090770131507,0.0004188073513487906,0.0006577063005568984,252,0,False,False
tqwt_minValue_dec_15,TQWT,0.0012906631102819533,0.000406115233730391,0.24811848866743508,252,0,False,False
app_TKEO_std_8_coef,Other,0.001290284782429278,0.00022742434377594754,1720694.3513213054,252,0,False,False
tqwt_minValue_dec_33,TQWT,0.0012884729875982661,0.0002732951120712837,0.14290641746794783,252,0,False,False
std_MFCC_11th_coef,MFCC,0.0012869271630591367,0.0002776919061297402,0.06058489562742171,252,0,False,False
tqwt_entropy_shannon_dec_25,TQWT,0.0012860515632253404,0.00037573022553477636,314.56976251996554,252,0,False,False
stdDevPeriodPulses,Other,0.0012810399086424077,0.00038261723423856434,0.0005330818070701856,249,0,False,False
tqwt_entropy_log_dec_7,TQWT,0.0012804588849653178,0.0005484057494545563,99428.90493287287,252,0,False,False
app_LT_TKEO_std_6_coef,Wavelet,0.001277962434995442,0.0002850259788161704,58.48165209552774,252,0,False,False
tqwt_energy_dec_25,TQWT,0.0012766754741485198,0.000262217916781689,0.08709537976825013,252,0,False,False
mean_3rd_delta_delta,Delta / Delta-delta,0.0012745457422963537,0.0002293470779984124,0.00029993153157647395,252,0,False,False
app_LT_TKEO_mean_10_coef,Wavelet,0.0012745349949932106,0.0003246818466568185,374.3969589311044,252,0,False,False
tqwt_skewnessValue_dec_10,TQWT,0.001272794936498914,0.0004608363715355284,0.10140951294896586,252,0,False,False
mean_MFCC_10th_coef,MFCC,0.001268799952717221,0.0003832635452057358,0.6987181778875112,252,0,False,False
mean_0th_delta,Delta / Delta-delta,0.0012585899762468937,0.00016631252865992522,0.00970620960168668,252,0,False,False
mean_4th_delta_delta,Delta / Delta-delta,0.001256987657445204,0.00024080805275215127,0.00027960851615760113,251,0,False,False
tqwt_minValue_dec_4,TQWT,0.0012560034227459835,0.0001717719577473494,0.029630864508004777,252,0,False,False
meanHarmToNoiseHarmonicity,HNR / Harmonicity,0.0012508804806179322,0.0003860345586203825,5.202318210405596,252,0,False,False
meanIntensity,Intensity,0.00124588919992934,0.00021405997530903954,6.877177102762645,252,0,False,False
app_entropy_log_5_coef,Wavelet,0.0012442099900229185,0.00042073115319752924,11.161185617228073,252,0,False,False
tqwt_entropy_shannon_dec_5,TQWT,0.00124093164769652,0.00037931613788726165,40.98641988734852,252,0,False,False
tqwt_entropy_shannon_dec_31,TQWT,0.0012409257184464472,0.000398479681864022,8.400345043325258,252,0,False,False
std_MFCC_10th_coef,MFCC,0.0012408016479102015,0.00039702729934165936,0.06517429308432153,252,0,False,False
tqwt_medianValue_dec_7,TQWT,0.0012391207359310993,0.0005092705056019553,1.3091522495184385e-05,252,0,False,False
locShimmer,Shimmer,0.0012387624954243125,0.00031200380381352105,0.037521988662524014,250,0,False,False
tqwt_stdValue_dec_27,TQWT,0.0012382379550473957,0.00016384460280042493,0.300502762526528,252,0,False,False
tqwt_medianValue_dec_3,TQWT,0.0012294833332439745,0.0002029862309841736,2.524975158290862e-06,252,0,False,False
tqwt_TKEO_mean_dec_31,TQWT,0.001226015585898225,0.0004220808363332614,0.021595175565228504,252,0,False,False
tqwt_entropy_shannon_dec_21,TQWT,0.0012231632127211495,0.0003321590832200756,180.4860249103344,252,0,False,False
tqwt_entropy_log_dec_10,TQWT,0.0012227653939680813,0.0004395336689531168,50976.8236584125,252,0,False,False
mean_10th_delta,Delta / Delta-delta,0.001218860793981983,0.0003089774307137087,0.0016521593786676463,252,0,False,False
tqwt_skewnessValue_dec_7,TQWT,0.0012162516410545864,0.00044758880486393896,0.18601455148778326,252,0,False,False
tqwt_entropy_log_dec_31,TQWT,0.001216046459752655,0.00033355086596033496,1167.0839064349236,252,0,False,False
app_det_TKEO_mean_3_coef,Other,0.0012110380306092272,0.00020875510787007675,9091.234366185774,252,0,False,False
tqwt_entropy_log_dec_29,TQWT,0.0012086652417782125,0.0005950700459398276,1831.023542001729,252,0,False,False
app_entropy_log_3_coef,Wavelet,0.0012083785671875267,0.0004448385825439425,24.301883254682373,252,0,False,False
app_LT_entropy_log_7_coef,Wavelet,0.0012083258634535386,0.00034103777255791075,1.792407678187814,252,0,False,False
tqwt_minValue_dec_34,TQWT,0.0012081353661194444,0.0003740637587802648,0.13055676225291413,252,0,False,False
tqwt_medianValue_dec_1,TQWT,0.0012062405296487133,0.00030509503335631865,1.4706389855037521e-06,250,0,False,False
std_MFCC_9th_coef,MFCC,0.0012054123477402618,0.00026894325011302665,0.06446033007137981,252,0,False,False
mean_1st_delta_delta,Delta / Delta-delta,0.0012040247679474838,0.0004257679132238266,0.0004426562222116955,252,0,False,False
VFER_NSR_SEO,Other,0.0012019281877785634,0.0005519090762826771,0.07925876800694658,245,0,False,False
tqwt_energy_dec_34,TQWT,0.0011990705528850502,0.0003833447595198216,0.0026505378671741087,251,0,False,False
tqwt_TKEO_mean_dec_26,TQWT,0.0011976059044407994,0.00030368093206434516,0.5515335528348231,252,0,False,False
app_LT_entropy_log_3_coef,Wavelet,0.0011952175573220658,0.0002745027774107956,7.100194666396029,252,0,False,False
det_entropy_log_5_coef,Wavelet,0.0011938342043419088,0.00034698679785084537,32.23383670752636,252,0,False,False
app_LT_entropy_shannon_1_coef,Wavelet,0.0011905040224576451,0.0004223923951348969,3073.6849075515656,252,0,False,False
tqwt_medianValue_dec_29,TQWT,0.001190291016871792,0.00017681923171249426,0.0035881554950552945,252,0,False,False
tqwt_stdValue_dec_36,TQWT,0.0011898762500193488,0.0004069844976022584,0.08343143958614506,252,0,False,False
tqwt_kurtosisValue_dec_3,TQWT,0.0011888304762838922,0.00024915085866523176,1199.8257100520125,252,0,False,False
tqwt_kurtosisValue_dec_10,TQWT,0.001186445173305497,0.000404151254616035,43.12901570698244,252,0,False,False
tqwt_maxValue_dec_33,TQWT,0.0011860934772112857,0.00041711851239884976,0.1469994636237887,252,0,False,False
det_LT_entropy_log_5_coef,Wavelet,0.0011859397894605967,0.00030443847236813644,32.58905580614042,252,0,False,False
tqwt_maxValue_dec_34,TQWT,0.0011858563781776917,0.0006912615626031062,0.13240530031654213,252,0,False,False
tqwt_entropy_log_dec_19,TQWT,0.0011844355973837236,0.00037442172852428734,8299.703128793033,252,0,False,False
GNE_mean,Nonlinear,0.00118203816672715,0.00031514936732835255,0.3208760296117019,252,0,False,False
tqwt_kurtosisValue_dec_25,TQWT,0.001179016487862622,0.0001572453140809005,28.261632673386018,247,0,False,False
std_2nd_delta_delta,Delta / Delta-delta,0.0011784435741394434,0.00023125298342617945,0.009719027555433005,252,0,False,False
tqwt_energy_dec_35,TQWT,0.0011759501830062196,0.00024497716025296325,0.0013412582610363216,251,0,False,False
tqwt_TKEO_mean_dec_8,TQWT,0.001174453163945718,0.0006171871954195001,0.0005830494978752444,251,0,False,False
tqwt_medianValue_dec_25,TQWT,0.0011715030487938426,0.0001471662797109592,0.0025847932433931435,181,0,False,False
tqwt_entropy_log_dec_25,TQWT,0.0011688979901340176,0.00029033239943625433,4165.99171331461,252,0,False,False
app_LT_entropy_log_6_coef,Wavelet,0.0011681230197536025,0.0003329570482819429,1.970023928455464,252,0,False,False
tqwt_energy_dec_32,TQWT,0.0011677701905386522,0.0003942719114588839,0.004790647237772752,251,0,False,False
tqwt_kurtosisValue_dec_4,TQWT,0.0011672333878819511,0.0004761416482353855,1154.9304348391593,252,0,False,False
tqwt_TKEO_mean_dec_5,TQWT,0.0011666525351092063,0.00016055172796163324,0.0002917237353533592,252,0,False,False
tqwt_stdValue_dec_1,TQWT,0.0011645230211389291,0.00032962095494517,0.0014704150774605526,252,0,False,False
tqwt_medianValue_dec_30,TQWT,0.0011642433879480933,0.0005202174416154756,0.0005991206559692032,252,0,False,False
tqwt_entropy_shannon_dec_18,TQWT,0.0011635187197439098,0.0003911538234530066,388.31125490265174,252,0,False,False
tqwt_entropy_shannon_dec_27,TQWT,0.0011618103843184467,0.00048805500831840677,712.4832392900621,252,0,False,False
app_TKEO_std_3_coef,Other,0.0011555925161838446,0.0004000203276343991,40203.81669140676,252,0,False,False
mean_12th_delta_delta,Delta / Delta-delta,0.0011525424713671223,0.00038510307256373164,0.00016842216610555853,252,0,False,False
tqwt_energy_dec_23,TQWT,0.0011509161424355864,0.00033249121657871175,0.0582351339540457,252,0,False,False
tqwt_medianValue_dec_6,TQWT,0.0011504521366798464,0.0002553606429315528,8.69080043396495e-06,251,0,False,False
tqwt_kurtosisValue_dec_16,TQWT,0.0011468422106534486,0.00022006214675736197,1.148412061120188,252,0,False,False
tqwt_TKEO_std_dec_32,TQWT,0.0011447312796988049,0.00043388618098874816,0.07181997968610056,252,0,False,False
std_1st_delta_delta,Delta / Delta-delta,0.001142916737150963,0.0001772345953662906,0.017671242020211492,251,0,False,False
app_LT_entropy_log_2_coef,Wavelet,0.0011398715766196843,0.00029121106067193036,12.010904904413492,252,0,False,False
mean_7th_delta,Delta / Delta-delta,0.0011373617279448515,0.00044398755930221713,0.0019286032744448348,252,0,False,False
app_LT_entropy_log_1_coef,Wavelet,0.0011373276113959363,0.0003082965901937148,20.84533933473774,252,0,False,False
mean_3rd_delta,Delta / Delta-delta,0.0011368787611164652,0.00023678406630025446,0.0028106787041074213,251,0,False,False
tqwt_entropy_log_dec_4,TQWT,0.0011355231123086676,0.0005001751904317406,203562.84882487037,252,0,False,False
locAbsJitter,Jitter,0.0011319372946415568,0.0003610720223129438,2.070737785457488e-05,244,0,False,False
tqwt_kurtosisValue_dec_19,TQWT,0.0011224693782927505,0.000149857599576095,0.8031524329368636,252,0,False,False
tqwt_kurtosisValue_dec_6,TQWT,0.001120851601985599,0.0004462856868346389,734.1205434302385,252,0,False,False
mean_9th_delta_delta,Delta / Delta-delta,0.001120303154762028,0.0003769400637802707,0.00019175770980680876,252,0,False,False
tqwt_stdValue_dec_25,TQWT,0.0011193146917866813,0.00026878026889003007,0.2806622414607202,252,0,False,False
tqwt_kurtosisValue_dec_2,TQWT,0.0011158420942122375,0.00018149793096559525,1343.7286416321817,252,0,False,False
tqwt_skewnessValue_dec_17,TQWT,0.0011153923447261489,0.00021484303457292708,0.009253870865870895,252,0,False,False
tqwt_minValue_dec_35,TQWT,0.0011088378412760047,0.00021154335501622444,0.12801461444217407,252,0,False,False
std_MFCC_3rd_coef,MFCC,0.0011050491653323172,0.00027800410091818054,0.14288122568917566,251,0,False,False
IMF_SNR_TKEO,Other,0.0011046219396493016,0.00024053429559964284,2.0112712406686577,252,0,False,False
det_entropy_log_1_coef,Wavelet,0.0011004046728371227,0.00041325892901829595,187.46419599956005,252,0,False,False
tqwt_maxValue_dec_21,TQWT,0.001100388327547126,0.00022263411626310554,0.2368504859854458,252,0,False,False
tqwt_entropy_shannon_dec_36,TQWT,0.0010928754126778907,0.0002959523793086011,9.138155181902839,252,0,False,False
mean_1st_delta,Delta / Delta-delta,0.001091017758572513,0.00033479475168221443,0.003398704052221194,252,0,False,False
mean_6th_delta,Delta / Delta-delta,0.0010884564642377136,0.00033040776966092447,0.002419019153569761,252,0,False,False
mean_6th_delta_delta,Delta / Delta-delta,0.001087807896924116,0.0002411706304423368,0.00028144697559633514,252,0,False,False
mean_9th_delta,Delta / Delta-delta,0.0010801034769140718,0.00038519937962626035,0.001877781134981663,252,0,False,False
tqwt_entropy_log_dec_30,TQWT,0.0010781051821238076,0.00041903889868472114,1341.3070928567247,252,0,False,False
apq5Shimmer,Shimmer,0.0010702966296160716,0.0003633942409653318,0.023697910591854162,250,0,False,False
tqwt_minValue_dec_26,TQWT,0.0010693198552033237,0.0004332748916894958,0.5538892628364362,252,0,False,False
mean_MFCC_1st_coef,MFCC,0.0010690562277344922,0.00023404018362468786,1.555992102832819,252,0,False,False
tqwt_skewnessValue_dec_33,TQWT,0.0010669242762313261,0.00017439883613657413,0.7399390928329563,252,0,False,False
ppq5Jitter,Jitter,0.0010648013080835632,0.00023094326752655386,0.0015634032560503527,208,0,False,False
apq3Shimmer,Shimmer,0.0010550443928345643,0.00020542176968694882,0.019393021305727412,251,0,False,False
mean_MFCC_0th_coef,MFCC,0.0010539157905475882,0.00027275491383295294,2.127666396592989,252,0,False,False
tqwt_minValue_dec_25,TQWT,0.0010528129359217,0.00036008842155570766,0.5272004200418894,251,0,False,False
mean_Log_energy,Other,0.0010514600490959228,0.00014473442673107361,0.4949551877784423,252,0,False,False
std_MFCC_2nd_coef,MFCC,0.0010496319937529142,0.0003494760450631557,0.14843791403127055,251,0,False,False
tqwt_TKEO_std_dec_35,TQWT,0.0010492646393489287,0.0005701558367079828,0.020000031521990414,252,0,False,False
IMF_SNR_entropy,Wavelet,0.0010490761729666002,0.00017559956718510547,10.109117100601338,252,0,False,False
tqwt_kurtosisValue_dec_15,TQWT,0.0010468181949301533,0.0002342605582987098,1.5914599548846664,251,0,False,False
det_LT_entropy_log_1_coef,Wavelet,0.0010467192342138096,0.00025592571524635807,188.46247531121796,252,0,False,False
tqwt_kurtosisValue_dec_30,TQWT,0.0010461627882607087,0.0004144898919046976,20.016242917862634,252,0,False,False
tqwt_minValue_dec_32,TQWT,0.0010442746112187043,0.00019398999804745207,0.15092879378741403,252,0,False,False
tqwt_kurtosisValue_dec_13,TQWT,0.0010433540918976182,0.00034144654453694995,3.0299119987135836,252,0,False,False
tqwt_medianValue_dec_23,TQWT,0.0010423340667581292,0.000470036910636641,0.001159649610607169,252,0,False,False
std_MFCC_5th_coef,MFCC,0.0010411576888554096,0.0004174230263384742,0.11612705262893656,252,0,False,False
tqwt_medianValue_dec_9,TQWT,0.001040263566629342,0.00018037962818659572,3.494083068116639e-05,251,0,False,False
mean_10th_delta_delta,Delta / Delta-delta,0.0010396497681449545,0.00021587019527048322,0.00018771044169963195,252,0,False,False
tqwt_TKEO_std_dec_26,TQWT,0.001038785625846813,0.0002715675732421695,0.21113898491482394,252,0,False,False
tqwt_entropy_shannon_dec_4,TQWT,0.0010385297462598435,0.00039853300476593506,28.73416550679212,252,0,False,False
tqwt_minValue_dec_1,TQWT,0.0010365392886206545,0.0005642846451147316,0.026994966592865523,252,0,False,False
tqwt_kurtosisValue_dec_7,TQWT,0.0010345805742816433,0.0002851783008381184,184.2862161963958,252,0,False,False
tqwt_maxValue_dec_32,TQWT,0.0010335838622332265,0.00028979423613801887,0.14613561832840596,252,0,False,False
tqwt_maxValue_dec_2,TQWT,0.0010325131039543658,0.000348149766441221,0.01786306573867208,252,0,False,False
tqwt_energy_dec_27,TQWT,0.001031814051558433,0.00013265558813700229,0.08510246952333701,251,0,False,False
app_det_TKEO_mean_2_coef,Other,0.0010312250910611883,0.0003315730913678797,3328.660045130267,252,0,False,False
mean_4th_delta,Delta / Delta-delta,0.0010309789796492208,0.0003347688666605325,0.0020796972940963637,252,0,False,False
tqwt_kurtosisValue_dec_12,TQWT,0.0010289458744285665,0.00022389002163926815,22.638960153872596,252,0,False,False
app_LT_entropy_log_4_coef,Wavelet,0.001023379892597325,0.0002380196288248756,4.222423204185521,251,0,False,False
tqwt_energy_dec_21,TQWT,0.0010227400795507426,0.00028069859867071566,0.03812992704606898,252,0,False,False
tqwt_entropy_shannon_dec_1,TQWT,0.0010226481139511026,0.00022169676824916468,10.545973478739274,252,0,False,False
tqwt_maxValue_dec_27,TQWT,0.001020795395350381,0.0002707771200056498,0.5523019771545825,252,0,False,False
tqwt_minValue_dec_3,TQWT,0.0010206266304377534,0.00024995541815892437,0.022711717907368728,252,0,False,False
std_1st_delta,Delta / Delta-delta,0.001020179801546983,0.0002479690792393917,0.034655887351023706,252,0,False,False
det_entropy_log_4_coef,Wavelet,0.0010199692225637018,0.00024717328116212115,39.57989234125385,252,0,False,False
tqwt_TKEO_std_dec_20,TQWT,0.0010181603597548628,0.00023448634082242644,0.07281173724697083,252,0,False,False
f4,Formant / Bandwidth,0.0010165681268221476,0.00024187683958789002,315.30769466479046,252,0,False,False
tqwt_entropy_shannon_dec_22,TQWT,0.0010115022273600998,7.58341550582932e-05,151.1412697480952,252,0,False,False
tqwt_maxValue_dec_4,TQWT,0.001010653616119643,0.00010683406345386205,0.029562005584630253,252,0,False,False
app_entropy_log_2_coef,Wavelet,0.0010100392337898999,0.0001944327938653273,41.184581713594554,252,0,False,False
tqwt_kurtosisValue_dec_21,TQWT,0.0010093586950881196,0.0003719373226384437,0.6669396793436599,252,0,False,False
IMF_SNR_SEO,Other,0.0010092276981343354,0.00030979846650734807,109.66880282630231,252,0,False,False
tqwt_skewnessValue_dec_13,TQWT,0.0010073332663460058,0.00013061780103729734,0.007929870269305651,252,0,False,False
tqwt_TKEO_std_dec_17,TQWT,0.0010062160843425849,0.000145369382511345,0.09026884386726046,252,0,False,False
tqwt_medianValue_dec_32,TQWT,0.0009976004934109362,0.00027186910373281546,0.0012275319020599394,252,0,False,False
tqwt_maxValue_dec_25,TQWT,0.0009960254428234214,0.00024650244842986,0.5277268211376133,252,0,False,False
tqwt_TKEO_mean_dec_21,TQWT,0.0009951989109882905,0.0003321013897276137,0.11634433920601023,252,0,False,False
tqwt_maxValue_dec_35,TQWT,0.0009929954170484726,0.00042463229722255997,0.13238998519483441,252,0,False,False
rapJitter,Jitter,0.0009923612982203965,0.00045850196218223574,0.000883847547080086,184,0,False,False
tqwt_entropy_log_dec_3,TQWT,0.0009912919353289786,0.0002725738303909484,229195.11805249334,252,0,False,False
tqwt_TKEO_std_dec_21,TQWT,0.000989642748607273,0.00015049024981112898,0.05441643078724491,252,0,False,False
tqwt_medianValue_dec_26,TQWT,0.0009884135883139534,0.00034498079644233655,0.0017420856701271903,250,0,False,False
IMF_NSR_entropy,Wavelet,0.000986597051550206,0.00017647472752237774,0.02912606145490033,252,0,False,False
tqwt_entropy_log_dec_23,TQWT,0.0009847281014189705,0.00032146295445735495,3979.736865453828,252,0,False,False
tqwt_skewnessValue_dec_4,TQWT,0.0009847143470728937,0.0003795777355757224,1.0962446513904507,252,0,False,False
tqwt_stdValue_dec_21,TQWT,0.0009836098423107382,0.00032046327507621007,0.11048663324089185,251,0,False,False
mean_2nd_delta_delta,Delta / Delta-delta,0.0009836075957516065,0.00024971712764254887,0.00034178198723201607,252,0,False,False
tqwt_skewnessValue_dec_22,TQWT,0.0009822866369043764,0.0003345454205426045,0.008884794798969128,252,0,False,False
tqwt_stdValue_dec_3,TQWT,0.0009814763768238482,0.00010173804558131098,0.0024958690351079647,252,0,False,False
tqwt_maxValue_dec_31,TQWT,0.0009807179490537781,0.0002958006452851507,0.1340936665452359,252,0,False,False
tqwt_entropy_log_dec_36,TQWT,0.0009778049473557373,0.0002408748894579273,868.3082300183194,252,0,False,False
tqwt_entropy_shannon_dec_26,TQWT,0.0009769104836633313,0.0003676152635282525,353.94443739562166,252,0,False,False
b2,Formant / Bandwidth,0.0009767180911764272,0.00017555928488731314,285.8383861835082,252,0,False,False
tqwt_entropy_shannon_dec_20,TQWT,0.0009749477949050307,0.0002393686257415615,206.1696031960179,252,0,False,False
tqwt_TKEO_std_dec_1,TQWT,0.0009718821551051653,0.0002595415205716899,4.689207066773516e-05,251,0,False,False
tqwt_TKEO_mean_dec_25,TQWT,0.0009718450092812197,0.0003169690151812688,0.5619322041280519,252,0,False,False
tqwt_TKEO_mean_dec_1,TQWT,0.0009712406302942262,0.00023936165956646077,1.7259640328283468e-05,246,0,False,False
app_LT_entropy_log_5_coef,Wavelet,0.0009690676522507343,0.0004524967132547396,2.6702415358790104,252,0,False,False
tqwt_minValue_dec_21,TQWT,0.0009676970633466078,0.00016767555146000981,0.23577669980740407,252,0,False,False
GQ_std_cycle_closed,Other,0.000966790691069889,0.00028205560358685923,5.317963214236612,161,0,False,False
mean_5th_delta_delta,Delta / Delta-delta,0.0009665868451224566,0.00024407819928938765,0.0002525407703179635,252,0,False,False
mean_MFCC_7th_coef,MFCC,0.0009659961715168636,0.0002625885491104032,0.7733665997897692,252,0,False,False
f3,Formant / Bandwidth,0.0009655710019006957,0.00020917631432374348,355.29676959190823,252,0,False,False
tqwt_TKEO_mean_dec_23,TQWT,0.0009641349284743421,0.00045115795205891786,0.17006966234367005,252,0,False,False
tqwt_stdValue_dec_4,TQWT,0.0009641246107578407,0.00024429177888117245,0.0035587671090290553,252,0,False,False
tqwt_kurtosisValue_dec_5,TQWT,0.0009637631730308448,0.00044199948882485526,1112.5660374808938,252,0,False,False
det_entropy_log_3_coef,Wavelet,0.0009627549171517636,0.00010128129766446774,57.8576521091395,252,0,False,False
mean_7th_delta_delta,Delta / Delta-delta,0.0009573049983482923,0.00032115659114262553,0.00028836440199808374,252,0,False,False
tqwt_energy_dec_2,TQWT,0.0009553458858772453,0.00023479761519900743,0.0025221809312868846,250,0,False,False
tqwt_kurtosisValue_dec_11,TQWT,0.0009551332555303545,0.00037277460583972873,24.007348281068058,252,0,False,False
ddpJitter,Jitter,0.0009546662505527405,0.0002478053349370337,0.0026516360851890825,212,0,False,False
tqwt_TKEO_mean_dec_27,TQWT,0.0009530498900954552,0.00022051041617232426,0.878890019549485,252,0,False,False
std_delta_delta_0th,Delta / Delta-delta,0.0009529077458859177,0.00025750405321337314,0.019981523102260687,252,0,False,False
tqwt_skewnessValue_dec_16,TQWT,0.0009507402500308467,0.00020202221003706223,0.007078873768756404,251,0,False,False
tqwt_maxValue_dec_36,TQWT,0.0009506453751276194,0.00037273899639027867,0.3344106425254753,252,0,False,False
tqwt_entropy_shannon_dec_3,TQWT,0.0009428806601516536,0.00027086790798957263,18.22263242020154,252,0,False,False
tqwt_TKEO_std_dec_2,TQWT,0.0009349665054081989,0.00017346409579019188,7.13349332410746e-05,250,0,False,False
mean_delta_delta_log_energy,Delta / Delta-delta,0.000934704706397918,0.00031393888199753966,0.00029097370415902447,252,0,False,False
tqwt_TKEO_std_dec_31,TQWT,0.0009311370647183692,0.0003320674514007939,0.024452318455010245,252,0,False,False
mean_8th_delta_delta,Delta / Delta-delta,0.0009305766449799697,0.00018943455132366415,0.00020534225606019718,252,0,False,False
tqwt_kurtosisValue_dec_32,TQWT,0.0009297098413120748,0.00020973028433627145,14.632934465751802,252,0,False,False
IMF_NSR_SEO,Other,0.0009292434933800189,0.00037120483092361976,0.05640868112074922,252,0,False,False
tqwt_medianValue_dec_4,TQWT,0.0009285661588387468,0.0003048244947747602,4.343657932392675e-06,250,0,False,False
tqwt_minValue_dec_31,TQWT,0.0009280592602698787,0.0002016640224451289,0.1359808823524721,252,0,False,False
tqwt_energy_dec_1,TQWT,0.000924784870610164,0.00014709053738509677,0.0027700650137281713,247,0,False,False
tqwt_stdValue_dec_29,TQWT,0.0009236437891507445,0.00014173319470265984,0.14264748154801826,252,0,False,False
tqwt_energy_dec_4,TQWT,0.0009231814081574917,0.00026051464978683463,0.0036736089844870926,250,0,False,False
mean_MFCC_4th_coef,MFCC,0.0009231173852985747,0.00027283490378620507,1.2302859377972768,252,0,False,False
tqwt_medianValue_dec_13,TQWT,0.0009227299887673122,0.00019691091853502062,0.00010194166317496506,251,0,False,False
tqwt_stdValue_dec_20,TQWT,0.0009206329544490868,0.00011423399571387394,0.10386513971731084,252,0,False,False
tqwt_maxValue_dec_15,TQWT,0.000917615476506327,0.00016309871122571615,0.24947376123586082,251,0,False,False
tqwt_kurtosisValue_dec_24,TQWT,0.0009150730879440433,0.0002256386696150656,3.7114696253660697,249,0,False,False
tqwt_minValue_dec_28,TQWT,0.0009120001670490397,0.00024158428566024357,0.4198789368158636,252,0,False,False
tqwt_kurtosisValue_dec_14,TQWT,0.00090971142867813,0.00022338069485207659,2.0597153892034994,251,0,False,False
tqwt_entropy_shannon_dec_28,TQWT,0.0009088609151108671,0.000267521175955332,228.5697437098619,252,0,False,False
tqwt_maxValue_dec_3,TQWT,0.0009073762642107999,0.00022616247879516443,0.022590035115940946,252,0,False,False
mean_MFCC_12th_coef,MFCC,0.0009065986425831592,0.00013863894841510295,0.5793492607840585,252,0,False,False
tqwt_maxValue_dec_28,TQWT,0.0009061135967168175,0.0001546298558776158,0.4188067134113114,252,0,False,False
mean_MFCC_8th_coef,MFCC,0.0009022814635944812,0.00016903030537613714,0.8057762858796013,252,0,False,False
app_det_TKEO_mean_1_coef,Other,0.0008943270606227178,0.00020998827978603962,1269.172406493931,252,0,False,False
tqwt_skewnessValue_dec_2,TQWT,0.0008931061367242513,0.00031789139768096774,2.0450879208562367,252,0,False,False
app_entropy_log_1_coef,Wavelet,0.000892621790738815,0.00019990691521122348,75.14350701975715,252,0,False,False
tqwt_entropy_log_dec_2,TQWT,0.0008906009804977669,0.00015063360295511762,257700.22615596975,252,0,False,False
tqwt_entropy_log_dec_22,TQWT,0.0008889424161577007,0.00030862618665899647,4511.929671522676,252,0,False,False
tqwt_minValue_dec_2,TQWT,0.0008867909006041446,0.00023507017030126987,0.018265484335051523,251,0,False,False
tqwt_medianValue_dec_28,TQWT,0.0008855828420141255,0.00017476575940738898,0.007240455589357275,252,0,False,False
tqwt_medianValue_dec_27,TQWT,0.000885304723733828,0.00026903899146914163,0.004395307432193136,252,0,False,False
tqwt_kurtosisValue_dec_9,TQWT,0.0008836991614394578,0.00016332223174354518,44.7735649453472,252,0,False,False
det_LT_TKEO_mean_4_coef,Wavelet,0.000881329050294773,0.000477707759811104,0.07659756431542677,252,0,False,False
ddaShimmer,Shimmer,0.0008807444115308578,0.0002044661718344751,0.05817878432096385,252,0,False,False
tqwt_energy_dec_31,TQWT,0.0008798890707539354,0.00016249356836561235,0.0027629258525653836,250,0,False,False
tqwt_kurtosisValue_dec_8,TQWT,0.0008758442497166002,0.00018994925113642082,45.391312087611695,252,0,False,False
tqwt_energy_dec_20,TQWT,0.0008755528814965252,0.0002582801166550779,0.041929183848730546,251,0,False,False
det_LT_TKEO_mean_6_coef,Wavelet,0.0008736581011358326,0.00020006372645858288,0.14907803707654432,252,0,False,False
tqwt_TKEO_std_dec_4,TQWT,0.0008730638638350409,0.0001706494534955633,0.00038552830400007435,249,0,False,False
det_LT_entropy_log_6_coef,Wavelet,0.0008723884208421262,0.0003931894035389406,29.37533784122763,252,0,False,False
tqwt_TKEO_std_dec_27,TQWT,0.0008723511658255857,0.00016873294896178453,0.2870442782399778,252,0,False,False
tqwt_skewnessValue_dec_12,TQWT,0.0008721517313559926,0.00011649685934837262,0.02358430477211904,252,0,False,False
GNE_SNR_SEO,Nonlinear,0.0008693259034111983,0.00016548026084835552,267230.0420958209,252,0,False,False
det_entropy_log_6_coef,Wavelet,0.0008654933805445339,0.0002415874587004944,28.765991019213732,252,0,False,False
det_LT_entropy_log_2_coef,Wavelet,0.0008629884269357948,0.00026992188111826413,101.98789669191721,252,0,False,False
app_TKEO_std_2_coef,Other,0.000860952533295966,0.0003532856948838308,17390.318268289604,252,0,False,False
det_LT_entropy_shannon_6_coef,Wavelet,0.0008594796787270671,0.0004404908969931399,4.678852499712952,252,0,False,False
mean_MFCC_11th_coef,MFCC,0.0008589097091294629,0.00020413909139227007,0.5552819057195407,252,0,False,False
tqwt_TKEO_mean_dec_20,TQWT,0.0008581694417418038,0.0001189447932618202,0.09346824965575641,252,0,False,False
tqwt_minValue_dec_27,TQWT,0.0008572586865730538,0.00017272568285345405,0.5534709453582196,252,0,False,False
tqwt_skewnessValue_dec_32,TQWT,0.0008553208311329674,0.00018474780900006084,0.7317526603651772,252,0,False,False
tqwt_stdValue_dec_28,TQWT,0.0008543400494004236,0.00012732424153280534,0.21300671285581807,252,0,False,False
tqwt_TKEO_mean_dec_4,TQWT,0.0008532977860205937,0.00029704159628805155,0.00012851691735223445,251,0,False,False
tqwt_kurtosisValue_dec_22,TQWT,0.0008530091688397715,0.00024452774390587676,0.6369587862876196,252,0,False,False
tqwt_medianValue_dec_2,TQWT,0.0008528596898183955,0.00023778459744951678,2.235990351654676e-06,252,0,False,False
tqwt_skewnessValue_dec_18,TQWT,0.0008444738210736855,0.00033892755393268107,0.00551526587646374,252,0,False,False
det_LT_entropy_log_4_coef,Wavelet,0.0008360662706534356,0.00019078166189135802,40.65795745562928,252,0,False,False
tqwt_entropy_log_dec_21,TQWT,0.0008275885560102266,0.0001731672991789541,5524.83422738555,252,0,False,False
tqwt_energy_dec_3,TQWT,0.0008246667961388874,0.00017889491875234268,0.003363431282192897,252,0,False,False
tqwt_entropy_shannon_dec_24,TQWT,0.0008224822184959783,0.00012681197373519944,294.4447410054517,252,0,False,False
tqwt_minValue_dec_29,TQWT,0.0008223795230045397,0.0002625483868228331,0.283886212933,252,0,False,False
tqwt_TKEO_mean_dec_29,TQWT,0.0008213688838793829,0.00011749121154080564,0.49793214129984426,252,0,False,False
app_TKEO_std_1_coef,Other,0.0008186838096055154,0.00022555368595948024,8095.221597805525,252,0,False,False
Ed2_4_coef,Wavelet,0.0008156400030480467,0.00023176598403656614,0.0005802483575880375,251,0,False,False
mean_11th_delta,Delta / Delta-delta,0.0008129624911540505,0.00013783117632567757,0.0016053177613171168,252,0,False,False
tqwt_TKEO_std_dec_28,TQWT,0.0008119073504285977,0.00025752349078037793,0.18998638704886708,252,0,False,False
tqwt_TKEO_std_dec_25,TQWT,0.0008113655219813786,0.0001976861234393715,0.21517152950789153,251,0,False,False
mean_11th_delta_delta,Delta / Delta-delta,0.0008109351469443242,0.0001781127001274925,0.00019327318731351015,252,0,False,False
tqwt_stdValue_dec_2,TQWT,0.0008096657702251396,0.00011442706626426169,0.001814873805511169,252,0,False,False
tqwt_energy_dec_36,TQWT,0.0008091260238806705,0.0001462755668707431,0.006994154165165415,250,0,False,False
mean_12th_delta,Delta / Delta-delta,0.0008055840677842954,0.0003899678454953241,0.0014398095231282924,252,0,False,False
det_entropy_log_8_coef,Wavelet,0.0008037950645767061,0.0003813643883244194,28.30385753607218,252,0,False,False
tqwt_maxValue_dec_30,TQWT,0.0008019717048753181,0.0002965919587487525,0.1744959569834778,252,0,False,False
tqwt_stdValue_dec_22,TQWT,0.0007977524306906399,0.00020907502450088008,0.11065387264867274,252,0,False,False
tqwt_skewnessValue_dec_19,TQWT,0.0007976723242545588,0.0002721774982647277,0.017414387248792428,252,0,False,False
det_LT_entropy_log_3_coef,Wavelet,0.0007844051113715432,0.00011694622705162868,59.967573934539,252,0,False,False
tqwt_energy_dec_29,TQWT,0.0007843732098150749,0.000285653720888437,0.028067276410913056,252,0,False,False
std_MFCC_0th_coef,MFCC,0.000784353274595326,0.00023012367550006134,0.568027926298161,252,0,False,False
mean_MFCC_9th_coef,MFCC,0.000782731498193577,0.00037405289457740037,0.783072214889216,252,0,False,False
tqwt_skewnessValue_dec_29,TQWT,0.0007774559632508647,0.0002553516267539506,0.9758279927786497,252,0,False,False
GQ_prc5_95,Other,0.0007742698432763563,0.0003348494861764385,0.10066992574016731,159,0,False,False
tqwt_skewnessValue_dec_31,TQWT,0.0007725647784398617,0.00018696274422073933,0.7303213715053664,252,0,False,False
det_LT_entropy_log_8_coef,Wavelet,0.0007712438163125772,0.00030379979407323614,28.734486982956838,252,0,False,False
tqwt_minValue_dec_36,TQWT,0.0007693444405631794,0.00014548822288005747,0.31946844072994324,252,0,False,False
tqwt_maxValue_dec_20,TQWT,0.0007644599285321681,0.0001977663184914607,0.25725412502853673,252,0,False,False
tqwt_energy_dec_24,TQWT,0.0007642032688200076,0.0002497752323413576,0.08640103879984296,252,0,False,False
std_MFCC_1st_coef,MFCC,0.0007633718892429075,0.0002990211088379704,0.2849674886573293,251,0,False,False
PPE,Nonlinear,0.0007624067555241189,0.00018317209939009912,0.11975199146281733,252,0,False,False
tqwt_entropy_shannon_dec_2,TQWT,0.0007596006100772429,0.0002634811567198804,12.274809883851015,252,0,False,False
det_entropy_log_7_coef,Wavelet,0.0007595961808818889,0.00027544926173539804,28.58210352947254,252,0,False,False
tqwt_entropy_log_dec_20,TQWT,0.0007566485523921177,0.0002559522133672125,6410.03975049965,252,0,False,False
tqwt_TKEO_std_dec_22,TQWT,0.0007565381602729433,0.00023668957120953486,0.051315577731558294,252,0,False,False
Ed2_6_coef,Wavelet,0.0007548971863005317,0.00011629891088491531,0.0006466165714008894,249,0,False,False
meanAutoCorrHarmonicity,HNR / Harmonicity,0.000749121205261605,0.00016327848350868065,0.05936149591717223,252,0,False,False
tqwt_minValue_dec_20,TQWT,0.0007466324164941968,0.00015055886761996705,0.25677283211786656,252,0,False,False
VFER_std,Other,0.0007408496770694566,0.00013473587094650798,0.001668399986654827,252,0,False,False
tqwt_energy_dec_28,TQWT,0.0007398303378842426,0.00016485382882207674,0.04930595189226657,252,0,False,False
tqwt_TKEO_mean_dec_3,TQWT,0.0007376798649711988,0.00022078599362088455,5.1879844877317165e-05,247,0,False,False
tqwt_TKEO_std_dec_30,TQWT,0.0007355714801724124,0.00011618545259568891,0.048674732864007815,252,0,False,False
tqwt_stdValue_dec_24,TQWT,0.0007330626368781507,0.00023872212370183303,0.22673491360219164,252,0,False,False
tqwt_TKEO_mean_dec_24,TQWT,0.0007327061618246651,0.00010035924585032117,0.3967672453776515,252,0,False,False
det_entropy_log_10_coef,Wavelet,0.0007324300257763853,0.00023687841784222785,30.111477148492185,252,0,False,False
tqwt_minValue_dec_22,TQWT,0.0007284931418622303,0.0003371560773235328,0.2372502605854683,252,0,False,False
tqwt_entropy_shannon_dec_29,TQWT,0.0007262926192577082,0.0001262298420248524,315.3178287323248,252,0,False,False
det_LT_TKEO_std_4_coef,Wavelet,0.0007262707525077591,0.00033176616579763614,0.1409583855159422,252,0,False,False
tqwt_TKEO_mean_dec_22,TQWT,0.0007243259587274596,0.000295793536462364,0.10772446600903253,252,0,False,False
tqwt_TKEO_mean_dec_28,TQWT,0.0007229473169571867,0.00018178620074557408,0.41445887209826787,252,0,False,False
tqwt_entropy_shannon_dec_23,TQWT,0.0007205452307924383,0.00011753774530137092,151.16310041727976,252,0,False,False
tqwt_TKEO_std_dec_23,TQWT,0.0007158968650143892,0.00020504656565141749,0.09963041210697704,252,0,False,False
tqwt_entropy_log_dec_24,TQWT,0.0007092973273444248,0.00019482000855197175,3738.6214930767987,252,0,False,False
tqwt_TKEO_mean_dec_36,TQWT,0.0007071625497211823,0.00014073172495184205,0.046502224912572054,252,0,False,False
det_TKEO_mean_6_coef,Other,0.0007043321008162325,0.00010684668158016728,3328.893913633011,252,0,False,False
tqwt_TKEO_mean_dec_2,TQWT,0.0007035225846972029,0.00011969973137072317,2.5912427817687636e-05,251,0,False,False
tqwt_TKEO_mean_dec_30,TQWT,0.0007029811038087437,0.0002790638076396874,0.07053834519685369,252,0,False,False
tqwt_stdValue_dec_30,TQWT,0.0007025410127900506,9.497042420666268e-05,0.0644834012954054,252,0,False,False
tqwt_energy_dec_22,TQWT,0.0006946872500978776,0.00013416024521473453,0.04028932290832239,251,0,False,False
det_LT_TKEO_std_8_coef,Wavelet,0.000692321584638636,0.0002788930715058697,1.9210108373890828,252,0,False,False
tqwt_skewnessValue_dec_20,TQWT,0.0006901228823737004,0.0001922422470100129,0.007786934466010251,252,0,False,False
tqwt_maxValue_dec_29,TQWT,0.0006880891435385316,6.610955768816855e-05,0.2866401063765597,252,0,False,False
tqwt_stdValue_dec_23,TQWT,0.0006864154539528555,0.00026810903410800195,0.1447026137979217,252,0,False,False
tqwt_TKEO_std_dec_3,TQWT,0.000686151251981563,0.00023789539676085777,0.00015338040198135578,249,0,False,False
tqwt_TKEO_std_dec_24,TQWT,0.0006842439947411336,0.00020774179928283922,0.17263717215030353,252,0,False,False
det_entropy_log_2_coef,Wavelet,0.000684155710800666,0.00018484855728224793,101.37413518993567,252,0,False,False
VFER_NSR_TKEO,Other,0.0006813467170144558,0.0002642187629160605,0.06722702716110025,249,0,False,False
tqwt_minValue_dec_30,TQWT,0.0006775288086090874,0.00021811951107165254,0.17457345753800785,252,0,False,False
tqwt_TKEO_std_dec_29,TQWT,0.0006774498305496654,0.0002204418233045226,0.14580494533163954,252,0,False,False
det_LT_TKEO_std_6_coef,Wavelet,0.0006765836653021037,0.0001901204551018677,0.34948803650358967,251,0,False,False
det_entropy_shannon_9_coef,Wavelet,0.0006762783081023123,0.00032863443345824126,383806.14460988616,252,0,False,False
det_LT_entropy_shannon_10_coef,Wavelet,0.000672110967832452,9.883757294758662e-05,88.5979907371545,252,0,False,False
tqwt_skewnessValue_dec_5,TQWT,0.0006689068945542184,0.00014937959293493056,0.05883217930980855,252,0,False,False
det_LT_TKEO_mean_8_coef,Wavelet,0.0006667579598651675,0.00022857636623353978,0.908279690819786,252,0,False,False
tqwt_maxValue_dec_22,TQWT,0.0006661890856368938,0.00028367724662008723,0.23748824109273264,252,0,False,False
det_LT_TKEO_mean_5_coef,Wavelet,0.0006656316314658463,0.0001934777148275459,0.0979294794396293,252,0,False,False
tqwt_medianValue_dec_20,TQWT,0.0006625886825678349,5.423353803014238e-05,0.0006085356711373855,181,0,False,False
Ed_4_coef,Wavelet,0.0006608650095959602,0.0001672752624397423,0.017625433205536556,249,0,False,False
det_LT_entropy_shannon_8_coef,Wavelet,0.0006603606161924785,0.00034666950723138664,35.79236447743952,252,0,False,False
det_LT_entropy_log_9_coef,Wavelet,0.0006575685916139772,0.0001504125267651662,29.848637668950882,252,0,False,False
det_LT_TKEO_std_7_coef,Wavelet,0.0006503721556758839,0.0001395113639481039,0.4504815627058237,252,0,False,False
tqwt_energy_dec_30,TQWT,0.000646192268776544,0.00013711139064505155,0.004745357458337687,251,0,False,False
Ed_9_coef,Wavelet,0.0006455702334597338,0.0001479959263345253,0.015122402231430696,251,0,False,False
tqwt_maxValue_dec_24,TQWT,0.0006352910089807713,0.0001392351531906118,0.4441276966307492,252,0,False,False
det_entropy_log_9_coef,Wavelet,0.0006317226739202238,0.0001075695296989009,29.249980821158275,252,0,False,False
tqwt_minValue_dec_24,TQWT,0.0006295302875477013,0.00011227994879302891,0.44443205972463595,252,0,False,False
Ed_8_coef,Wavelet,0.0006291319018035879,0.0002852069003093944,0.05139405254092171,251,0,False,False
det_LT_entropy_log_10_coef,Wavelet,0.0006227895570760227,0.0002471834102477537,31.062865741518877,252,0,False,False
tqwt_minValue_dec_23,TQWT,0.0006213225635091041,0.00011834648795381857,0.3135075363911852,251,0,False,False
tqwt_entropy_shannon_dec_30,TQWT,0.000619730536850276,0.000195984976020751,12.78578321562163,252,0,False,False
Ed_5_coef,Wavelet,0.0006177276643042388,0.00014389066223975235,0.01867383703195826,250,0,False,False
tqwt_medianValue_dec_24,TQWT,0.0006154794415716624,0.00028408765706952,0.0018905656210624316,179,0,False,False
det_LT_entropy_log_7_coef,Wavelet,0.0006102585174662595,0.00018362047668091908,29.422365609891024,252,0,False,False
tqwt_maxValue_dec_23,TQWT,0.0006063991594707637,0.0001693381669861227,0.3118352790250378,252,0,False,False
det_TKEO_std_6_coef,Other,0.0006022736301272748,0.00028575665594828177,7803.653123589384,252,0,False,False
tqwt_TKEO_std_dec_36,TQWT,0.0005953135267831891,0.0001346618436079724,0.09255148220967142,252,0,False,False
det_TKEO_mean_10_coef,Other,0.0005910324220929292,0.0001725492283805433,36384.05326733099,252,0,False,False
meanNoiseToHarmHarmonicity,HNR / Harmonicity,0.00058312219222843,0.0001153630465625046,0.09628323015426693,252,0,False,False
det_TKEO_mean_9_coef,Other,0.0005809025195385295,0.00016346750705992387,2467.0246235863838,252,0,False,False
det_LT_entropy_shannon_9_coef,Wavelet,0.0005807200887514864,0.00018309186615791088,2.6445570651120374,252,0,False,False
det_TKEO_std_7_coef,Other,0.0005778765474986724,0.00011120452552253645,10720.156409372325,252,0,False,False
det_TKEO_std_2_coef,Other,0.000568877521276842,0.000142781109883145,1796.8203224503177,252,0,False,False
det_LT_entropy_shannon_2_coef,Wavelet,0.0005664758915009591,0.00017071685685106938,0.8510823382048751,252,0,False,False
Ea,Other,0.000564565478074669,0.00022423058489928792,0.24966313121115719,171,0,False,False
det_LT_entropy_shannon_5_coef,Wavelet,0.0005630023973020124,0.00012562851426039823,2.710752778966411,252,0,False,False
det_entropy_shannon_3_coef,Wavelet,0.0005598581802069767,9.610401991629119e-05,503224.4829311353,252,0,False,False
det_LT_entropy_shannon_3_coef,Wavelet,0.000557703685528386,0.00016627864777222077,0.7992280993454524,252,0,False,False
det_entropy_shannon_4_coef,Wavelet,0.0005570074470347293,0.00019129944542187855,617929.1286675667,252,0,False,False
Ed_6_coef,Wavelet,0.0005544756398251848,0.00010995873286683222,0.012991525361014854,251,0,False,False
Ed_10_coef,Wavelet,0.0005424638085928015,0.00017867628982816682,0.10864423514878582,252,0,False,False
det_LT_entropy_shannon_7_coef,Wavelet,0.0005416375920523277,0.00019977093240110765,7.0052898302940445,252,0,False,False
det_TKEO_std_4_coef,Other,0.000524979679892198,0.00021547690855730275,3889.1015203744714,252,0,False,False
Ed2_5_coef,Wavelet,0.0005245450343363806,0.00019394681196831834,0.0006086698965643642,250,0,False,False
det_TKEO_mean_7_coef,Other,0.0005197101640708928,0.00013183487990811281,4529.687848811642,252,0,False,False
det_TKEO_mean_5_coef,Other,0.0005142945513716763,0.00018482863942538574,2115.2177307129255,252,0,False,False
det_TKEO_std_9_coef,Other,0.0005090246327059136,0.000135403207920891,5018.968763928985,252,0,False,False
det_LT_TKEO_std_2_coef,Wavelet,0.0005079790489661863,0.00012232844807495,0.04557247351422013,251,0,False,False
Ed2_9_coef,Wavelet,0.0005037887311522588,0.00016698060754776725,0.0005800110412733313,251,0,False,False
det_LT_TKEO_mean_3_coef,Wavelet,0.0005008588626541254,0.00021293564403507503,0.039427929182060624,252,0,False,False
Ed_1_coef,Wavelet,0.0004986090463782427,0.00011952692790762378,0.01873015438746559,245,0,False,False
mean_8th_delta,Delta / Delta-delta,0.0004938035988622209,0.00015609380652729777,0.0019122014040383823,252,0,False,False
det_TKEO_std_8_coef,Other,0.0004922660281944104,0.00012357332650647047,51335.860466896396,252,0,False,False
det_LT_TKEO_std_9_coef,Wavelet,0.0004834496728351673,6.10846382189926e-05,0.2867762177629551,252,0,False,False
det_TKEO_std_10_coef,Other,0.00047957317965581774,0.00010699363530087266,73800.95079841411,252,0,False,False
det_LT_TKEO_mean_1_coef,Wavelet,0.00047827335834963104,0.0001545426907650917,0.010461076348971884,247,0,False,False
det_entropy_shannon_6_coef,Wavelet,0.00047707905031810796,0.00012058203892587238,707616.9356206914,252,0,False,False
Ed2_8_coef,Wavelet,0.00047660798722347976,0.0002011299239350151,0.0025549052038232717,251,0,False,False
det_TKEO_mean_4_coef,Other,0.00047609943092462287,0.00014168660915574063,2253.5361674876303,252,0,False,False
det_TKEO_std_1_coef,Other,0.00046846944657461524,0.00011181381221560821,1377.2916541503412,252,0,False,False
Ed2_3_coef,Wavelet,0.0004681206652466241,0.00012443352409239,0.00038648964539507056,249,0,False,False
Ed_2_coef,Wavelet,0.00046389839776566207,0.00014558500807598955,0.016368814810962556,252,0,False,False
det_entropy_shannon_5_coef,Wavelet,0.0004604738340149762,0.00010168981924878175,508628.05207926064,252,0,False,False
det_TKEO_mean_8_coef,Other,0.00046038892708124695,0.00018430121016412744,24288.635747088978,252,0,False,False
det_LT_TKEO_mean_2_coef,Wavelet,0.0004595514521870037,5.536793680153387e-05,0.01685777429077884,245,0,False,False
det_LT_TKEO_std_1_coef,Wavelet,0.00045687150730442245,5.327200308270462e-05,0.03414301503620919,250,0,False,False
det_LT_TKEO_std_5_coef,Wavelet,0.00045294046665765646,0.00024412634206961208,0.2210888574999206,252,0,False,False
det_LT_TKEO_std_3_coef,Wavelet,0.0004455435816156268,0.00011465144146359514,0.0694125158919573,246,0,False,False
Ed_3_coef,Wavelet,0.0004453375498408068,9.800171672064113e-05,0.013950701948391622,251,0,False,False
det_LT_TKEO_mean_10_coef,Wavelet,0.0004407782968440709,8.972009998088037e-05,1.9008236715628353,252,0,False,False
Ed_7_coef,Wavelet,0.0004403567206173811,5.276050159572196e-05,0.012496603836019499,252,0,False,False
det_LT_entropy_shannon_1_coef,Wavelet,0.0004389868157813422,0.0001243220451704162,0.9127505560420636,252,0,False,False
det_TKEO_mean_1_coef,Other,0.0004371072441298348,8.091624304812165e-05,414.051308860597,252,0,False,False
det_TKEO_std_5_coef,Other,0.0004328419904471802,0.00015430465936288088,4895.239093894113,252,0,False,False
det_entropy_shannon_2_coef,Wavelet,0.0004309838917338362,0.0002361273594915254,471999.53331105824,252,0,False,False
det_entropy_shannon_7_coef,Wavelet,0.00043044252292152803,0.00010975050975010814,865091.4138097117,252,0,False,False
det_entropy_shannon_8_coef,Wavelet,0.0004277995121756431,0.00016717031598174304,3575285.1071688747,252,0,False,False
det_LT_TKEO_std_10_coef,Wavelet,0.0004274832440781465,9.21577875992411e-05,3.7771859366025584,252,0,False,False
det_entropy_shannon_1_coef,Wavelet,0.0004261957256201366,0.00010241026328880251,466024.1086960616,252,0,False,False
det_LT_TKEO_mean_9_coef,Wavelet,0.0004240497535355863,0.00018171237531725319,0.1352110895265623,252,0,False,False
det_LT_TKEO_mean_7_coef,Wavelet,0.00042365361893944946,9.26954195604261e-05,0.1971142130312562,252,0,False,False
Ed2_7_coef,Wavelet,0.00042059653641828747,9.216703934466041e-05,0.0006849541672137673,250,0,False,False
det_TKEO_mean_3_coef,Other,0.0004203253793056201,0.00013463223382893094,1433.108068396863,252,0,False,False
det_entropy_shannon_10_coef,Wavelet,0.000418349949599134,0.00016850942821500318,5493969.426839324,252,0,False,False
Ea2,Other,0.00041504710890448237,0.00020776648810561923,0.010452061287612422,84,0,False,False
Ed2_10_coef,Wavelet,0.00040810971820242573,0.00016087126747841977,0.005536141284584842,252,0,False,False
Ed2_1_coef,Wavelet,0.0003995623820022587,0.00024736569387700543,0.00033076603120200867,250,0,False,False
det_TKEO_std_3_coef,Other,0.00036965169627568763,0.00017550122888937753,2282.29347066291,252,0,False,False
Ed2_2_coef,Wavelet,0.0003663878347611014,7.050353897782281e-05,0.00033655702855034847,250,0,False,False
det_TKEO_mean_2_coef,Other,0.0003030753535470538,0.000133171833565082,687.5269220927613,252,0,False,False
tqwt_meanValue_dec_35,TQWT,0.0,0.0,2.9262987392236087e-19,250,0,False,True
tqwt_meanValue_dec_28,TQWT,0.0,0.0,1.325240702431364e-18,252,0,False,True
tqwt_meanValue_dec_34,TQWT,0.0,0.0,4.071259557301223e-19,247,0,False,True
tqwt_meanValue_dec_2,TQWT,0.0,0.0,3.3302428670843045e-21,251,0,False,True
tqwt_meanValue_dec_3,TQWT,0.0,0.0,4.128668010332473e-21,251,0,False,True
tqwt_meanValue_dec_1,TQWT,0.0,0.0,3.591582572663579e-21,250,0,False,True
tqwt_meanValue_dec_29,TQWT,0.0,0.0,5.549944984614855e-19,251,0,False,True
tqwt_meanValue_dec_30,TQWT,0.0,0.0,2.314822788316234e-19,249,0,False,True
tqwt_meanValue_dec_31,TQWT,0.0,0.0,2.637798758476914e-19,251,0,False,True
tqwt_meanValue_dec_32,TQWT,0.0,0.0,4.792956107832439e-19,252,0,False,True
tqwt_meanValue_dec_33,TQWT,0.0,0.0,7.708608707785723e-19,251,0,False,True
tqwt_meanValue_dec_27,TQWT,0.0,0.0,1.6521278480075777e-18,250,0,False,True
tqwt_meanValue_dec_26,TQWT,0.0,0.0,1.1767716787642037e-18,249,0,False,True
tqwt_meanValue_dec_18,TQWT,0.0,0.0,6.511300175078883e-19,252,0,False,True
tqwt_meanValue_dec_21,TQWT,0.0,0.0,5.730057692717353e-19,252,0,False,True
tqwt_meanValue_dec_24,TQWT,0.0,0.0,5.036225157673655e-19,249,0,False,True
tqwt_meanValue_dec_23,TQWT,0.0,0.0,1.060366614165645e-18,251,0,False,True
tqwt_meanValue_dec_22,TQWT,0.0,0.0,7.136519862238269e-19,250,0,False,True
tqwt_meanValue_dec_25,TQWT,0.0,0.0,5.360888726834538e-19,249,0,False,True
tqwt_meanValue_dec_16,TQWT,0.0,0.0,2.2119459912516254e-19,251,0,False,True
tqwt_meanValue_dec_15,TQWT,0.0,0.0,4.1322424412978595e-19,252,0,False,True
tqwt_meanValue_dec_14,TQWT,0.0,0.0,2.486242985627415e-19,252,0,False,True
tqwt_meanValue_dec_17,TQWT,0.0,0.0,2.412253477762061e-19,251,0,False,True
tqwt_meanValue_dec_13,TQWT,0.0,0.0,1.5362947138834184e-19,252,0,False,True
tqwt_meanValue_dec_20,TQWT,0.0,0.0,2.2550174089158895e-19,252,0,False,True
tqwt_meanValue_dec_19,TQWT,0.0,0.0,9.57762728915303e-19,251,0,False,True
tqwt_meanValue_dec_4,TQWT,0.0,0.0,4.684072241903329e-21,251,0,False,True
tqwt_meanValue_dec_5,TQWT,0.0,0.0,5.615004514295451e-21,251,0,False,True
tqwt_meanValue_dec_6,TQWT,0.0,0.0,7.897626016840345e-21,251,0,False,True
tqwt_meanValue_dec_7,TQWT,0.0,0.0,1.873717242756284e-20,252,0,False,True
tqwt_meanValue_dec_8,TQWT,0.0,0.0,1.5750576514552318e-20,252,0,False,True
tqwt_meanValue_dec_9,TQWT,0.0,0.0,2.1314369291564682e-20,251,0,False,True
tqwt_meanValue_dec_10,TQWT,0.0,0.0,2.1703128349989305e-20,252,0,False,True
tqwt_meanValue_dec_11,TQWT,0.0,0.0,4.540279266019237e-20,250,0,False,True
tqwt_meanValue_dec_12,TQWT,0.0,0.0,6.783991962166135e-20,252,0,False,True
